id,tiempo,atrasado
1,14.103,0
2,23.189,0
3,19.55,0
4,7.94,0
5,21.259,0
6,18.712,0
7,16.673,0
8,22.74,0
9,21.375,0
10,14.731,0
11,16.23,0
12,22.429,0
13,17.645,0
14,28.434,1
15,19.559,0
16,19.106,0
17,14.972,0
18,16.768,0
19,11.474,0
20,11.081,0
21,24.044,1
22,14.086,0
23,20.819,0
24,16.355,0
25,22.457,0
26,10.701,0
27,22.723,0
28,20.466,0
29,16.624,0
30,28.331,1
31,25.143,1
32,27.212,1
33,14.43,0
34,18.109,0
35,21.575,0
36,23.121,0
37,14.207,0
38,21.452,0
39,18.994,0
40,17.128,0
41,27.322,1
42,17.008,0
43,16.787,0
44,20.795,0
45,27.239,1
46,25.357,1
47,14.356,0
48,28.764,1
49,25.36,1
50,23.854,0
51,11.37,0
52,28.855,1
53,28.999,1
54,32.32,1
55,14.437,0
56,22.292,0
57,17.511,0
58,23.245,0
59,23.219,0
60,16.314,0
61,20.798,0
62,23.57,0
63,8.545,0
64,19.702,0
65,26.453,1
66,15.552,0
67,25.806,1
68,29.499,1
69,9.95,0
70,16.119,0
71,18.043,0
72,13.126,0
73,20.937,0
74,16.462,0
75,37.091,1
76,19.146,0
77,16.059,0
78,28.142,1
79,24.441,1
80,18.06,0
81,31.344,1
82,20.486,0
83,7.703,0
84,28.564,1
85,20.863,0
86,15.381,0
87,31.371,1
88,22.222,0
89,16.633,0
90,26.792,1
91,14.332,0
92,20.668,0
93,20.744,0
94,17.26,0
95,11.704,0
96,22.259,0
97,30.167,1
98,21.076,0
99,22.576,0
100,21.932,0
101,26.541,1
102,22.085,0
103,12.671,0
104,20.772,0
105,22.529,0
106,25.902,1
107,31.554,1
108,12.557,0
109,16.995,0
110,19.195,0
111,33.582,1
112,15.897,0
113,18.183,0
114,32.325,1
115,19.004,0
116,24.567,1
117,19.373,0
118,30.032,1
119,21.923,0
120,20.255,0
121,23.576,0
122,21.462,0
123,17.896,0
124,18.992,0
125,15.847,0
126,12.087,0
127,24.726,1
128,28.561,1
129,16.372,0
130,19.863,0
131,31.844,1
132,21.511,0
133,21.714,0
134,19.097,0
135,18.366,0
136,13.371,0
137,20.054,0
138,24.736,1
139,19.467,0
140,19.086,0
141,16.405,0
142,18.583,0
143,15.073,0
144,44.059,1
145,23.551,0
146,19.412,0
147,22.029,0
148,21.702,0
149,19.427,0
150,34.135,1
151,33.238,1
152,11.446,0
153,20.453,0
154,12.477,0
155,30.272,1
156,13.139,0
157,28.918,1
158,22.102,0
159,12.708,0
160,13.132,0
161,18.528,0
162,34.391,1
163,14.565,0
164,27.38,1
165,13.662,0
166,12.525,0
167,20.15,0
168,9.01,0
169,16.503,0
170,21.733,0
171,21.074,0
172,13.666,0
173,10.741,0
174,9.739,0
175,26.108,1
176,26.392,1
177,11.165,0
178,19.145,0
179,33.508,1
180,15.29,0
181,24.158,1
182,20.05,0
183,15.205,0
184,23.852,0
185,25.878,1
186,12.164,0
187,23.255,0
188,24.87,1
189,22.348,0
190,14.964,0
191,18.587,0
192,22.16,0
193,38.164,1
194,26.058,1
195,15.964,0
196,12.835,0
197,14.634,0
198,31.783,1
199,19.698,0
200,4.916,0
201,25.127,1
202,6.271,0
203,29.399,1
204,11.261,0
205,25.275,1
206,20.174,0
207,21.544,0
208,13.58,0
209,35.085,1
210,26.557,1
211,16.765,0
212,14.501,0
213,22.269,0
214,21.075,0
215,14.496,0
216,18.75,0
217,24.566,1
218,13.455,0
219,16.328,0
220,19.313,0
221,16.031,0
222,23.339,0
223,23.13,0
224,19.163,0
225,22.375,0
226,25.028,1
227,23.746,0
228,19.91,0
229,26.942,1
230,27.462,1
231,16.56,0
232,24.195,1
233,16.15,0
234,11.835,0
235,22.043,0
236,24.405,1
237,21.571,0
238,12.935,0
239,17.598,0
240,27.491,1
241,21.075,0
242,26.335,1
243,18.458,0
244,8.627,0
245,26.528,1
246,18.441,0
247,14.543,0
248,15.297,0
249,21.937,0
250,15.482,0
251,14.292,0
252,16.339,0
253,24.401,1
254,10.22,0
255,14.924,0
256,19.053,0
257,22.323,0
258,16.124,0
259,35.307,1
260,16.877,0
261,16.766,0
262,16.102,0
263,29.374,1
264,16.447,0
265,24.237,1
266,15.112,0
267,18.325,0
268,30.059,1
269,20.064,0
270,20.846,0
271,17.92,0
272,11.005,0
273,18.068,0
274,10.058,0
275,15.821,0
276,16.655,0
277,17.53,0
278,21.607,0
279,24.09,1
280,20.875,0
281,21.227,0
282,25.032,1
283,15.48,0
284,26.714,1
285,36.254,1
286,19.11,0
287,23.356,0
288,21.204,0
289,31.546,1
290,26.33,1
291,12.452,0
292,27.531,1
293,13.562,0
294,6.655,0
295,20.338,0
296,15.421,0
297,13.125,0
298,34.388,1
299,32.95,1
300,19.423,0
301,15.691,0
302,13.279,0
303,17.955,0
304,19.836,0
305,23.982,0
306,22.383,0
307,20.994,0
308,13.911,0
309,19.537,0
310,17.994,0
311,15.562,0
312,14.937,0
313,14.423,0
314,20.813,0
315,10.595,0
316,14.19,0
317,12.301,0
318,12.603,0
319,22.74,0
320,18.691,0
321,15.259,0
322,16.188,0
323,33.791,1
324,11.567,0
325,30.334,1
326,17.528,0
327,8.865,0
328,30.139,1
329,13.483,0
330,37.146,1
331,23.161,0
332,33.655,1
333,26.627,1
334,19.844,0
335,6.149,0
336,37.857,1
337,19.7,0
338,17.912,0
339,9.52,0
340,12.904,0
341,31.775,1
342,28.144,1
343,22.431,0
344,19.83,0
345,22.678,0
346,22.978,0
347,13.921,0
348,19.641,0
349,23.41,0
350,25.966,1
351,13.123,0
352,24.057,1
353,20.937,0
354,27.088,1
355,14.924,0
356,36.675,1
357,26.182,1
358,14.154,0
359,20.029,0
360,17.731,0
361,23.104,0
362,28.976,1
363,27.048,1
364,19.142,0
365,12.376,0
366,21.798,0
367,7.235,0
368,20.515,0
369,28.802,1
370,15.938,0
371,11.252,0
372,13.636,0
373,23.635,0
374,25.163,1
375,20.644,0
376,27.861,1
377,13.195,0
378,23.84,0
379,27.238,1
380,29.398,1
381,15.429,0
382,14.947,0
383,30.913,1
384,17.993,0
385,16.051,0
386,23.786,0
387,14.934,0
388,17.401,0
389,16.701,0
390,21.767,0
391,15.561,0
392,27.265,1
393,19.428,0
394,17.122,0
395,12.823,0
396,19.793,0
397,16.736,0
398,9.424,0
399,13.282,0
400,8.768,0
401,16.735,0
402,14.563,0
403,20.116,0
404,29.308,1
405,24.147,1
406,11.238,0
407,14.699,0
408,25.722,1
409,15.925,0
410,21.48,0
411,21.281,0
412,28.731,1
413,15.282,0
414,23.784,0
415,16.716,0
416,13.818,0
417,12.712,0
418,28.495,1
419,17.053,0
420,24.97,1
421,17.08,0
422,22.797,0
423,18.175,0
424,26.719,1
425,22.359,0
426,14.201,0
427,14.544,0
428,31.577,1
429,23.422,0
430,17.852,0
431,25.766,1
432,20.839,0
433,25.816,1
434,18.519,0
435,18.001,0
436,24.641,1
437,13.536,0
438,31.294,1
439,16.772,0
440,21.711,0
441,25.825,1
442,34.88,1
443,22.136,0
444,15.606,0
445,15.042,0
446,20.265,0
447,23.372,0
448,16.293,0
449,20.821,0
450,16.509,0
451,17.328,0
452,21.189,0
453,22.684,0
454,19.23,0
455,32.642,1
456,16.488,0
457,21.738,0
458,23.21,0
459,34.545,1
460,19.425,0
461,21.0,0
462,31.812,1
463,14.914,0
464,17.015,0
465,12.934,0
466,11.01,0
467,20.723,0
468,21.08,0
469,14.011,0
470,23.917,0
471,19.487,0
472,23.451,0
473,19.45,0
474,22.375,0
475,17.893,0
476,13.936,0
477,24.342,1
478,19.046,0
479,20.638,0
480,20.224,0
481,30.673,1
482,24.251,1
483,15.754,0
484,26.291,1
485,37.082,1
486,9.997,0
487,22.924,0
488,16.031,0
489,19.055,0
490,13.325,0
491,16.394,0
492,18.134,0
493,16.306,0
494,19.598,0
495,25.348,1
496,17.266,0
497,28.972,1
498,16.026,0
499,18.623,0
500,18.368,0
501,17.353,0
502,22.759,0
503,16.671,0
504,16.539,0
505,9.129,0
506,18.555,0
507,19.384,0
508,18.021,0
509,17.701,0
510,23.087,0
511,13.097,0
512,22.856,0
513,17.906,0
514,10.931,0
515,26.265,1
516,20.14,0
517,38.207,1
518,12.357,0
519,15.133,0
520,12.666,0
521,17.825,0
522,16.32,0
523,16.664,0
524,26.189,1
525,11.766,0
526,20.663,0
527,21.802,0
528,15.278,0
529,30.057,1
530,20.985,0
531,18.822,0
532,15.343,0
533,34.493,1
534,20.453,0
535,17.717,0
536,20.351,0
537,23.838,0
538,8.348,0
539,24.929,1
540,17.383,0
541,14.035,0
542,12.155,0
543,12.655,0
544,18.316,0
545,13.784,0
546,11.56,0
547,19.694,0
548,32.79,1
549,24.476,1
550,29.411,1
551,25.353,1
552,22.54,0
553,14.656,0
554,19.089,0
555,17.602,0
556,21.626,0
557,17.015,0
558,8.0,0
559,19.942,0
560,15.991,0
561,18.324,0
562,25.724,1
563,23.697,0
564,17.028,0
565,12.812,0
566,20.066,0
567,24.449,1
568,18.045,0
569,18.153,0
570,18.522,0
571,13.186,0
572,17.345,0
573,18.216,0
574,22.077,0
575,12.345,0
576,30.037,1
577,13.767,0
578,22.264,0
579,28.426,1
580,17.327,0
581,20.966,0
582,26.514,1
583,33.551,1
584,23.491,0
585,15.498,0
586,22.082,0
587,17.87,0
588,25.727,1
589,24.07,1
590,15.791,0
591,21.001,0
592,14.472,0
593,21.076,0
594,19.695,0
595,24.011,1
596,22.338,0
597,17.697,0
598,21.978,0
599,19.015,0
600,24.566,1
601,20.482,0
602,22.751,0
603,24.068,1
604,17.925,0
605,10.339,0
606,31.542,1
607,18.989,0
608,17.59,0
609,20.581,0
610,25.762,1
611,27.872,1
612,24.734,1
613,32.56,1
614,21.482,0
615,12.321,0
616,19.763,0
617,33.691,1
618,13.434,0
619,21.133,0
620,19.356,0
621,24.768,1
622,15.111,0
623,24.646,1
624,14.757,0
625,15.89,0
626,22.758,0
627,20.712,0
628,15.386,0
629,14.402,0
630,29.53,1
631,26.067,1
632,23.779,0
633,15.239,0
634,21.594,0
635,23.126,0
636,13.22,0
637,21.446,0
638,17.396,0
639,9.701,0
640,14.499,0
641,24.17,1
642,15.001,0
643,24.061,1
644,15.561,0
645,11.407,0
646,19.434,0
647,14.925,0
648,19.183,0
649,21.32,0
650,14.096,0
651,21.629,0
652,21.175,0
653,13.339,0
654,10.871,0
655,18.079,0
656,19.592,0
657,13.717,0
658,26.473,1
659,46.946,1
660,16.137,0
661,27.074,1
662,28.024,1
663,24.527,1
664,15.507,0
665,26.471,1
666,21.838,0
667,17.73,0
668,15.424,0
669,17.913,0
670,12.56,0
671,20.519,0
672,25.41,1
673,30.363,1
674,24.629,1
675,22.81,0
676,21.566,0
677,15.183,0
678,22.485,0
679,18.445,0
680,11.281,0
681,14.469,0
682,24.753,1
683,16.509,0
684,35.034,1
685,23.416,0
686,16.584,0
687,17.53,0
688,19.528,0
689,24.501,1
690,15.347,0
691,15.302,0
692,14.413,0
693,18.369,0
694,18.434,0
695,19.98,0
696,21.221,0
697,10.242,0
698,7.535,0
699,23.768,0
700,18.313,0
701,23.256,0
702,18.656,0
703,26.605,1
704,16.709,0
705,9.174,0
706,24.037,1
707,17.222,0
708,26.76,1
709,12.862,0
710,14.133,0
711,15.699,0
712,13.108,0
713,28.12,1
714,21.467,0
715,21.102,0
716,15.057,0
717,27.334,1
718,18.033,0
719,24.526,1
720,18.164,0
721,14.336,0
722,24.389,1
723,15.954,0
724,20.38,0
725,18.809,0
726,21.938,0
727,26.825,1
728,22.604,0
729,35.624,1
730,23.467,0
731,25.35,1
732,20.195,0
733,31.463,1
734,22.215,0
735,17.152,0
736,7.486,0
737,17.075,0
738,21.549,0
739,12.605,0
740,20.803,0
741,18.174,0
742,27.129,1
743,27.206,1
744,11.929,0
745,15.943,0
746,22.647,0
747,23.736,0
748,10.517,0
749,21.482,0
750,20.346,0
751,12.816,0
752,26.565,1
753,17.939,0
754,15.189,0
755,17.502,0
756,21.768,0
757,21.678,0
758,17.228,0
759,25.349,1
760,15.569,0
761,20.95,0
762,29.273,1
763,41.112,1
764,20.89,0
765,17.354,0
766,17.981,0
767,19.376,0
768,10.843,0
769,11.796,0
770,23.148,0
771,22.667,0
772,18.906,0
773,16.751,0
774,18.217,0
775,39.948,1
776,19.793,0
777,14.199,0
778,24.633,1
779,20.978,0
780,20.984,0
781,18.151,0
782,16.94,0
783,16.212,0
784,16.88,0
785,19.051,0
786,10.439,0
787,33.327,1
788,38.845,1
789,16.076,0
790,20.796,0
791,17.481,0
792,18.971,0
793,16.139,0
794,24.774,1
795,22.089,0
796,22.028,0
797,17.194,0
798,14.238,0
799,24.5,1
800,20.549,0
801,28.007,1
802,21.255,0
803,20.413,0
804,16.866,0
805,14.673,0
806,14.33,0
807,20.252,0
808,37.837,1
809,19.434,0
810,15.726,0
811,15.667,0
812,20.295,0
813,8.493,0
814,16.919,0
815,25.746,1
816,10.289,0
817,19.78,0
818,14.496,0
819,9.607,0
820,27.944,1
821,22.976,0
822,15.03,0
823,17.851,0
824,12.213,0
825,18.731,0
826,23.438,0
827,17.149,0
828,16.086,0
829,23.158,0
830,19.89,0
831,19.712,0
832,14.1,0
833,17.601,0
834,18.115,0
835,14.506,0
836,21.662,0
837,18.993,0
838,19.683,0
839,23.232,0
840,23.417,0
841,16.396,0
842,20.388,0
843,15.709,0
844,15.707,0
845,17.224,0
846,12.368,0
847,23.932,0
848,19.707,0
849,35.616,1
850,11.448,0
851,21.682,0
852,21.157,0
853,26.668,1
854,18.926,0
855,22.613,0
856,21.821,0
857,17.4,0
858,20.959,0
859,23.331,0
860,10.574,0
861,21.617,0
862,18.85,0
863,21.726,0
864,24.751,1
865,28.954,1
866,15.213,0
867,25.61,1
868,12.272,0
869,13.344,0
870,13.257,0
871,28.708,1
872,18.831,0
873,10.008,0
874,20.055,0
875,17.716,0
876,36.793,1
877,13.917,0
878,18.487,0
879,16.139,0
880,8.46,0
881,30.435,1
882,11.073,0
883,14.928,0
884,28.134,1
885,17.937,0
886,11.322,0
887,12.008,0
888,19.311,0
889,21.332,0
890,20.813,0
891,23.159,0
892,21.55,0
893,14.63,0
894,25.876,1
895,14.992,0
896,12.164,0
897,17.686,0
898,17.066,0
899,12.109,0
900,10.3,0
901,23.769,0
902,16.674,0
903,28.671,1
904,15.579,0
905,19.191,0
906,21.887,0
907,18.983,0
908,21.475,0
909,19.613,0
910,23.31,0
911,22.803,0
912,16.561,0
913,26.466,1
914,17.586,0
915,17.296,0
916,25.436,1
917,11.534,0
918,18.712,0
919,26.513,1
920,21.392,0
921,15.561,0
922,9.255,0
923,40.51,1
924,13.498,0
925,28.22,1
926,22.153,0
927,20.067,0
928,27.909,1
929,22.551,0
930,17.251,0
931,28.59,1
932,16.573,0
933,29.744,1
934,19.427,0
935,36.009,1
936,18.478,0
937,25.451,1
938,10.228,0
939,18.08,0
940,12.159,0
941,15.464,0
942,17.297,0
943,17.998,0
944,14.409,0
945,11.122,0
946,32.205,1
947,23.892,0
948,24.033,1
949,16.932,0
950,24.515,1
951,16.407,0
952,27.904,1
953,16.97,0
954,26.615,1
955,20.378,0
956,20.769,0
957,22.709,0
958,22.37,0
959,14.911,0
960,16.523,0
961,31.023,1
962,27.99,1
963,31.183,1
964,12.059,0
965,26.294,1
966,22.242,0
967,25.059,1
968,25.969,1
969,13.606,0
970,17.178,0
971,14.538,0
972,22.592,0
973,16.762,0
974,19.651,0
975,22.784,0
976,17.943,0
977,13.231,0
978,18.472,0
979,22.132,0
980,29.144,1
981,12.796,0
982,27.882,1
983,18.849,0
984,22.826,0
985,19.003,0
986,14.608,0
987,17.762,0
988,16.087,0
989,23.969,0
990,14.276,0
991,7.198,0
992,11.126,0
993,25.32,1
994,17.789,0
995,17.705,0
996,21.655,0
997,29.837,1
998,23.08,0
999,15.19,0
1000,19.894,0
1001,13.269,0
1002,16.96,0
1003,19.832,0
1004,20.867,0
1005,12.555,0
1006,20.825,0
1007,26.776,1
1008,19.674,0
1009,21.881,0
1010,22.515,0
1011,24.654,1
1012,18.242,0
1013,12.953,0
1014,36.949,1
1015,21.051,0
1016,16.778,0
1017,12.636,0
1018,14.116,0
1019,17.749,0
1020,15.427,0
1021,17.523,0
1022,22.143,0
1023,19.172,0
1024,8.532,0
1025,19.018,0
1026,20.684,0
1027,26.22,1
1028,17.282,0
1029,15.759,0
1030,24.619,1
1031,20.769,0
1032,15.827,0
1033,25.275,1
1034,28.764,1
1035,24.17,1
1036,26.807,1
1037,26.695,1
1038,26.925,1
1039,22.663,0
1040,19.469,0
1041,19.987,0
1042,22.745,0
1043,20.922,0
1044,11.728,0
1045,15.585,0
1046,16.416,0
1047,18.271,0
1048,11.581,0
1049,21.62,0
1050,23.006,0
1051,13.769,0
1052,21.339,0
1053,9.346,0
1054,14.858,0
1055,20.217,0
1056,18.492,0
1057,21.61,0
1058,28.807,1
1059,16.216,0
1060,16.255,0
1061,11.937,0
1062,16.365,0
1063,18.35,0
1064,27.067,1
1065,19.189,0
1066,23.763,0
1067,23.258,0
1068,11.815,0
1069,18.167,0
1070,23.202,0
1071,21.562,0
1072,24.161,1
1073,30.634,1
1074,21.736,0
1075,11.282,0
1076,11.991,0
1077,16.956,0
1078,20.641,0
1079,24.82,1
1080,21.775,0
1081,23.365,0
1082,20.957,0
1083,18.236,0
1084,25.681,1
1085,17.113,0
1086,17.533,0
1087,21.068,0
1088,13.179,0
1089,27.897,1
1090,19.057,0
1091,34.041,1
1092,9.763,0
1093,25.203,1
1094,17.581,0
1095,30.811,1
1096,20.787,0
1097,21.314,0
1098,26.695,1
1099,18.246,0
1100,18.169,0
1101,12.32,0
1102,19.668,0
1103,19.139,0
1104,23.678,0
1105,22.821,0
1106,23.552,0
1107,25.304,1
1108,29.1,1
1109,27.803,1
1110,20.953,0
1111,21.331,0
1112,16.956,0
1113,20.746,0
1114,19.251,0
1115,17.847,0
1116,10.626,0
1117,31.522,1
1118,34.645,1
1119,24.545,1
1120,11.315,0
1121,26.788,1
1122,14.622,0
1123,14.159,0
1124,28.119,1
1125,21.636,0
1126,20.709,0
1127,36.724,1
1128,26.766,1
1129,18.869,0
1130,13.38,0
1131,15.981,0
1132,17.739,0
1133,34.096,1
1134,12.991,0
1135,26.904,1
1136,23.805,0
1137,16.101,0
1138,18.807,0
1139,17.578,0
1140,21.195,0
1141,19.071,0
1142,10.344,0
1143,17.483,0
1144,20.576,0
1145,23.522,0
1146,33.502,1
1147,18.216,0
1148,24.058,1
1149,28.362,1
1150,31.742,1
1151,19.454,0
1152,22.268,0
1153,26.742,1
1154,14.03,0
1155,25.281,1
1156,18.148,0
1157,20.871,0
1158,24.521,1
1159,14.732,0
1160,16.472,0
1161,19.218,0
1162,13.643,0
1163,20.229,0
1164,19.557,0
1165,21.648,0
1166,16.118,0
1167,12.627,0
1168,21.562,0
1169,17.962,0
1170,19.365,0
1171,19.909,0
1172,23.379,0
1173,15.399,0
1174,19.875,0
1175,17.0,0
1176,24.041,1
1177,10.335,0
1178,22.397,0
1179,22.179,0
1180,12.848,0
1181,20.641,0
1182,13.064,0
1183,12.484,0
1184,27.105,1
1185,13.677,0
1186,20.189,0
1187,15.844,0
1188,11.963,0
1189,29.297,1
1190,15.698,0
1191,20.101,0
1192,17.407,0
1193,16.015,0
1194,25.899,1
1195,19.333,0
1196,8.852,0
1197,20.866,0
1198,18.806,0
1199,34.63,1
1200,21.829,0
1201,9.908,0
1202,26.287,1
1203,15.702,0
1204,14.972,0
1205,9.151,0
1206,13.61,0
1207,18.804,0
1208,17.065,0
1209,17.612,0
1210,24.227,1
1211,22.865,0
1212,29.753,1
1213,22.596,0
1214,30.132,1
1215,24.416,1
1216,33.002,1
1217,20.006,0
1218,18.283,0
1219,15.163,0
1220,19.817,0
1221,14.419,0
1222,12.587,0
1223,20.564,0
1224,19.97,0
1225,14.687,0
1226,18.37,0
1227,27.24,1
1228,22.81,0
1229,5.311,0
1230,23.841,0
1231,15.421,0
1232,12.346,0
1233,19.648,0
1234,13.165,0
1235,14.72,0
1236,13.989,0
1237,23.72,0
1238,11.804,0
1239,24.022,1
1240,25.413,1
1241,16.487,0
1242,23.247,0
1243,22.08,0
1244,24.936,1
1245,23.921,0
1246,12.216,0
1247,16.011,0
1248,23.032,0
1249,19.257,0
1250,21.502,0
1251,17.892,0
1252,17.023,0
1253,21.21,0
1254,13.304,0
1255,22.372,0
1256,21.664,0
1257,20.296,0
1258,35.97,1
1259,37.428,1
1260,17.648,0
1261,21.916,0
1262,14.148,0
1263,15.62,0
1264,17.628,0
1265,16.266,0
1266,34.403,1
1267,16.651,0
1268,21.635,0
1269,18.845,0
1270,27.248,1
1271,14.518,0
1272,26.812,1
1273,19.707,0
1274,20.603,0
1275,21.559,0
1276,22.463,0
1277,19.439,0
1278,23.323,0
1279,17.013,0
1280,37.097,1
1281,28.632,1
1282,21.317,0
1283,22.105,0
1284,19.44,0
1285,25.867,1
1286,13.759,0
1287,26.955,1
1288,25.007,1
1289,19.424,0
1290,5.575,0
1291,16.011,0
1292,21.294,0
1293,20.086,0
1294,19.008,0
1295,10.819,0
1296,15.086,0
1297,20.239,0
1298,27.746,1
1299,28.574,1
1300,19.825,0
1301,15.631,0
1302,11.932,0
1303,14.172,0
1304,7.04,0
1305,18.514,0
1306,14.986,0
1307,23.529,0
1308,21.975,0
1309,15.33,0
1310,20.118,0
1311,24.715,1
1312,16.9,0
1313,25.395,1
1314,19.697,0
1315,21.323,0
1316,18.196,0
1317,31.463,1
1318,21.474,0
1319,22.417,0
1320,24.939,1
1321,8.714,0
1322,9.406,0
1323,19.161,0
1324,16.678,0
1325,17.272,0
1326,9.023,0
1327,18.959,0
1328,12.795,0
1329,12.496,0
1330,25.513,1
1331,26.794,1
1332,15.138,0
1333,13.807,0
1334,18.23,0
1335,16.413,0
1336,20.995,0
1337,16.885,0
1338,20.396,0
1339,16.168,0
1340,17.298,0
1341,9.514,0
1342,18.106,0
1343,18.876,0
1344,26.335,1
1345,17.088,0
1346,22.949,0
1347,22.174,0
1348,10.434,0
1349,18.215,0
1350,27.77,1
1351,11.234,0
1352,25.641,1
1353,12.194,0
1354,12.654,0
1355,26.182,1
1356,27.934,1
1357,12.45,0
1358,18.536,0
1359,18.373,0
1360,19.87,0
1361,19.326,0
1362,40.964,1
1363,18.718,0
1364,21.351,0
1365,21.55,0
1366,13.022,0
1367,29.726,1
1368,17.974,0
1369,18.545,0
1370,23.435,0
1371,14.466,0
1372,13.696,0
1373,10.966,0
1374,18.984,0
1375,24.195,1
1376,28.64,1
1377,25.076,1
1378,16.201,0
1379,11.944,0
1380,22.842,0
1381,8.371,0
1382,18.288,0
1383,14.488,0
1384,20.477,0
1385,22.691,0
1386,13.934,0
1387,14.075,0
1388,19.732,0
1389,16.636,0
1390,17.673,0
1391,7.269,0
1392,23.293,0
1393,10.022,0
1394,25.037,1
1395,32.839,1
1396,22.967,0
1397,22.429,0
1398,12.751,0
1399,26.249,1
1400,26.51,1
1401,13.926,0
1402,15.461,0
1403,16.734,0
1404,25.904,1
1405,24.146,1
1406,18.789,0
1407,15.644,0
1408,18.382,0
1409,21.64,0
1410,18.745,0
1411,25.925,1
1412,27.003,1
1413,27.045,1
1414,21.95,0
1415,16.277,0
1416,14.406,0
1417,29.7,1
1418,30.925,1
1419,19.076,0
1420,19.592,0
1421,15.394,0
1422,22.632,0
1423,21.254,0
1424,16.66,0
1425,16.1,0
1426,19.835,0
1427,18.977,0
1428,15.971,0
1429,20.66,0
1430,22.954,0
1431,18.204,0
1432,20.258,0
1433,17.204,0
1434,43.307,1
1435,12.788,0
1436,13.288,0
1437,21.907,0
1438,21.108,0
1439,20.194,0
1440,13.098,0
1441,15.542,0
1442,18.185,0
1443,24.914,1
1444,12.674,0
1445,22.562,0
1446,11.062,0
1447,18.76,0
1448,11.772,0
1449,20.865,0
1450,24.784,1
1451,13.827,0
1452,14.623,0
1453,11.798,0
1454,13.067,0
1455,17.545,0
1456,18.272,0
1457,23.017,0
1458,28.237,1
1459,27.274,1
1460,12.455,0
1461,19.299,0
1462,17.805,0
1463,10.524,0
1464,14.797,0
1465,21.833,0
1466,14.644,0
1467,22.065,0
1468,11.334,0
1469,18.675,0
1470,22.232,0
1471,15.618,0
1472,13.901,0
1473,24.493,1
1474,21.814,0
1475,29.283,1
1476,19.737,0
1477,21.273,0
1478,23.733,0
1479,15.15,0
1480,21.004,0
1481,23.446,0
1482,12.199,0
1483,16.69,0
1484,18.479,0
1485,18.291,0
1486,10.717,0
1487,19.307,0
1488,16.319,0
1489,22.577,0
1490,21.531,0
1491,15.597,0
1492,22.472,0
1493,11.286,0
1494,24.45,1
1495,26.043,1
1496,13.9,0
1497,21.713,0
1498,19.997,0
1499,14.828,0
1500,30.244,1
1501,18.817,0
1502,24.718,1
1503,15.371,0
1504,21.27,0
1505,39.698,1
1506,17.772,0
1507,15.386,0
1508,22.913,0
1509,20.051,0
1510,20.085,0
1511,31.465,1
1512,19.701,0
1513,13.819,0
1514,27.271,1
1515,13.961,0
1516,20.24,0
1517,25.792,1
1518,16.764,0
1519,21.707,0
1520,13.841,0
1521,24.16,1
1522,19.647,0
1523,21.642,0
1524,16.656,0
1525,25.255,1
1526,27.373,1
1527,17.895,0
1528,26.667,1
1529,13.697,0
1530,29.117,1
1531,18.793,0
1532,11.59,0
1533,18.048,0
1534,13.587,0
1535,24.362,1
1536,18.19,0
1537,7.385,0
1538,15.228,0
1539,26.103,1
1540,10.298,0
1541,27.68,1
1542,21.611,0
1543,25.698,1
1544,13.504,0
1545,18.765,0
1546,16.997,0
1547,21.577,0
1548,30.819,1
1549,7.899,0
1550,20.501,0
1551,13.085,0
1552,21.618,0
1553,24.835,1
1554,25.072,1
1555,13.798,0
1556,14.053,0
1557,17.021,0
1558,19.139,0
1559,11.406,0
1560,23.82,0
1561,33.89,1
1562,25.004,1
1563,19.041,0
1564,12.885,0
1565,23.55,0
1566,17.869,0
1567,32.983,1
1568,12.359,0
1569,23.924,0
1570,23.952,0
1571,16.686,0
1572,24.086,1
1573,22.608,0
1574,17.373,0
1575,12.476,0
1576,21.267,0
1577,16.264,0
1578,20.535,0
1579,9.495,0
1580,15.184,0
1581,21.315,0
1582,19.691,0
1583,24.563,1
1584,18.543,0
1585,23.866,0
1586,24.321,1
1587,30.242,1
1588,24.944,1
1589,14.386,0
1590,17.853,0
1591,17.435,0
1592,23.678,0
1593,19.149,0
1594,14.604,0
1595,22.314,0
1596,12.834,0
1597,19.315,0
1598,22.171,0
1599,12.343,0
1600,14.939,0
1601,25.344,1
1602,16.675,0
1603,32.235,1
1604,21.153,0
1605,29.055,1
1606,22.428,0
1607,7.502,0
1608,14.348,0
1609,27.035,1
1610,24.458,1
1611,26.019,1
1612,24.033,1
1613,17.29,0
1614,15.739,0
1615,20.148,0
1616,19.619,0
1617,29.106,1
1618,24.683,1
1619,22.987,0
1620,13.195,0
1621,11.477,0
1622,16.165,0
1623,22.142,0
1624,23.487,0
1625,14.44,0
1626,17.46,0
1627,17.688,0
1628,19.023,0
1629,10.148,0
1630,19.448,0
1631,17.649,0
1632,20.252,0
1633,22.732,0
1634,22.418,0
1635,26.003,1
1636,21.136,0
1637,10.718,0
1638,17.093,0
1639,18.044,0
1640,16.449,0
1641,17.211,0
1642,17.753,0
1643,28.139,1
1644,25.55,1
1645,11.887,0
1646,25.999,1
1647,20.777,0
1648,11.354,0
1649,17.026,0
1650,14.798,0
1651,18.203,0
1652,10.518,0
1653,8.441,0
1654,9.831,0
1655,19.913,0
1656,22.697,0
1657,19.775,0
1658,17.64,0
1659,21.896,0
1660,25.392,1
1661,21.147,0
1662,15.057,0
1663,21.53,0
1664,21.473,0
1665,12.946,0
1666,21.649,0
1667,19.145,0
1668,23.349,0
1669,25.992,1
1670,39.07,1
1671,24.823,1
1672,19.244,0
1673,16.044,0
1674,21.604,0
1675,18.453,0
1676,18.932,0
1677,25.081,1
1678,11.529,0
1679,20.125,0
1680,21.956,0
1681,24.237,1
1682,21.715,0
1683,11.564,0
1684,18.087,0
1685,11.968,0
1686,19.593,0
1687,31.234,1
1688,18.953,0
1689,12.953,0
1690,22.844,0
1691,20.972,0
1692,20.785,0
1693,25.683,1
1694,31.675,1
1695,14.893,0
1696,12.294,0
1697,12.999,0
1698,19.799,0
1699,22.161,0
1700,25.903,1
1701,28.448,1
1702,17.006,0
1703,20.441,0
1704,28.771,1
1705,21.235,0
1706,23.934,0
1707,27.058,1
1708,16.107,0
1709,21.764,0
1710,19.143,0
1711,22.531,0
1712,23.9,0
1713,18.161,0
1714,12.939,0
1715,21.509,0
1716,16.467,0
1717,33.697,1
1718,16.529,0
1719,17.095,0
1720,15.403,0
1721,20.363,0
1722,22.662,0
1723,15.856,0
1724,19.133,0
1725,18.209,0
1726,20.802,0
1727,22.41,0
1728,10.71,0
1729,14.651,0
1730,11.851,0
1731,23.97,0
1732,17.706,0
1733,31.901,1
1734,19.133,0
1735,18.851,0
1736,18.944,0
1737,27.74,1
1738,21.311,0
1739,25.223,1
1740,21.924,0
1741,10.79,0
1742,18.951,0
1743,16.818,0
1744,27.091,1
1745,18.953,0
1746,25.756,1
1747,32.25,1
1748,19.226,0
1749,15.397,0
1750,17.185,0
1751,12.06,0
1752,23.447,0
1753,19.16,0
1754,16.72,0
1755,12.231,0
1756,14.579,0
1757,26.928,1
1758,18.631,0
1759,18.764,0
1760,18.096,0
1761,27.817,1
1762,10.504,0
1763,20.825,0
1764,13.077,0
1765,15.803,0
1766,21.129,0
1767,17.393,0
1768,23.274,0
1769,31.204,1
1770,25.644,1
1771,23.499,0
1772,32.481,1
1773,15.966,0
1774,21.699,0
1775,13.677,0
1776,23.798,0
1777,28.353,1
1778,21.951,0
1779,14.888,0
1780,26.104,1
1781,22.381,0
1782,14.072,0
1783,23.661,0
1784,21.338,0
1785,11.541,0
1786,16.538,0
1787,18.826,0
1788,10.411,0
1789,16.903,0
1790,15.217,0
1791,24.139,1
1792,17.047,0
1793,19.976,0
1794,11.043,0
1795,32.717,1
1796,19.67,0
1797,20.361,0
1798,17.413,0
1799,15.437,0
1800,15.757,0
1801,17.271,0
1802,22.964,0
1803,33.477,1
1804,13.35,0
1805,27.422,1
1806,18.021,0
1807,10.082,0
1808,16.278,0
1809,25.398,1
1810,14.294,0
1811,25.556,1
1812,19.126,0
1813,17.906,0
1814,21.038,0
1815,12.592,0
1816,33.051,1
1817,15.629,0
1818,20.464,0
1819,21.971,0
1820,10.713,0
1821,26.159,1
1822,10.148,0
1823,18.507,0
1824,14.769,0
1825,25.968,1
1826,19.631,0
1827,23.886,0
1828,19.319,0
1829,20.025,0
1830,24.395,1
1831,36.281,1
1832,16.781,0
1833,20.12,0
1834,21.298,0
1835,29.135,1
1836,17.252,0
1837,12.959,0
1838,16.633,0
1839,20.854,0
1840,19.461,0
1841,21.564,0
1842,17.364,0
1843,17.158,0
1844,16.298,0
1845,19.334,0
1846,27.94,1
1847,19.342,0
1848,30.111,1
1849,14.249,0
1850,21.093,0
1851,8.443,0
1852,19.162,0
1853,18.144,0
1854,22.674,0
1855,21.316,0
1856,23.037,0
1857,18.036,0
1858,12.601,0
1859,12.101,0
1860,22.78,0
1861,12.337,0
1862,20.991,0
1863,27.768,1
1864,14.207,0
1865,19.299,0
1866,37.747,1
1867,21.316,0
1868,13.911,0
1869,10.073,0
1870,39.765,1
1871,28.199,1
1872,15.639,0
1873,22.514,0
1874,12.219,0
1875,17.607,0
1876,18.715,0
1877,16.276,0
1878,22.693,0
1879,23.224,0
1880,15.761,0
1881,26.989,1
1882,16.43,0
1883,23.986,0
1884,19.087,0
1885,9.214,0
1886,9.857,0
1887,21.433,0
1888,15.736,0
1889,14.631,0
1890,24.592,1
1891,9.877,0
1892,10.104,0
1893,9.482,0
1894,20.126,0
1895,9.615,0
1896,21.24,0
1897,20.774,0
1898,18.694,0
1899,27.749,1
1900,25.227,1
1901,20.542,0
1902,15.916,0
1903,20.089,0
1904,26.776,1
1905,16.824,0
1906,23.576,0
1907,26.598,1
1908,33.497,1
1909,13.008,0
1910,23.185,0
1911,29.641,1
1912,28.02,1
1913,18.376,0
1914,21.36,0
1915,13.56,0
1916,15.224,0
1917,14.614,0
1918,22.45,0
1919,22.788,0
1920,19.65,0
1921,14.772,0
1922,10.099,0
1923,27.668,1
1924,28.523,1
1925,28.384,1
1926,20.673,0
1927,21.419,0
1928,31.242,1
1929,10.843,0
1930,15.258,0
1931,15.738,0
1932,14.212,0
1933,10.369,0
1934,12.368,0
1935,15.482,0
1936,16.211,0
1937,23.397,0
1938,13.768,0
1939,27.836,1
1940,25.759,1
1941,22.869,0
1942,15.675,0
1943,19.071,0
1944,26.196,1
1945,26.006,1
1946,17.865,0
1947,23.603,0
1948,13.338,0
1949,25.227,1
1950,18.045,0
1951,12.699,0
1952,17.472,0
1953,16.558,0
1954,24.646,1
1955,20.632,0
1956,17.975,0
1957,13.524,0
1958,20.189,0
1959,12.258,0
1960,22.562,0
1961,15.968,0
1962,28.974,1
1963,15.183,0
1964,22.888,0
1965,9.906,0
1966,27.697,1
1967,24.232,1
1968,18.526,0
1969,23.353,0
1970,20.796,0
1971,20.16,0
1972,20.696,0
1973,19.009,0
1974,17.147,0
1975,13.949,0
1976,28.965,1
1977,15.697,0
1978,21.903,0
1979,12.697,0
1980,26.904,1
1981,33.221,1
1982,15.793,0
1983,25.272,1
1984,25.841,1
1985,21.613,0
1986,37.74,1
1987,14.6,0
1988,27.214,1
1989,25.177,1
1990,22.307,0
1991,29.187,1
1992,20.441,0
1993,29.038,1
1994,23.276,0
1995,23.109,0
1996,18.538,0
1997,21.079,0
1998,29.816,1
1999,18.599,0
2000,19.748,0
2001,15.355,0
2002,26.564,1
2003,24.216,1
2004,24.773,1
2005,19.503,0
2006,16.397,0
2007,15.793,0
2008,20.648,0
2009,13.025,0
2010,21.063,0
2011,21.452,0
2012,21.972,0
2013,9.238,0
2014,20.869,0
2015,22.639,0
2016,11.441,0
2017,18.518,0
2018,22.833,0
2019,25.5,1
2020,21.169,0
2021,19.288,0
2022,23.845,0
2023,17.68,0
2024,25.892,1
2025,24.25,1
2026,15.939,0
2027,20.325,0
2028,16.862,0
2029,23.59,0
2030,22.862,0
2031,20.675,0
2032,19.949,0
2033,25.895,1
2034,12.739,0
2035,26.079,1
2036,16.869,0
2037,27.26,1
2038,18.489,0
2039,20.497,0
2040,19.252,0
2041,27.431,1
2042,25.994,1
2043,12.293,0
2044,26.922,1
2045,29.127,1
2046,12.366,0
2047,21.366,0
2048,14.947,0
2049,30.45,1
2050,16.46,0
2051,21.045,0
2052,18.802,0
2053,23.323,0
2054,14.761,0
2055,27.525,1
2056,21.941,0
2057,16.024,0
2058,11.195,0
2059,21.393,0
2060,13.607,0
2061,19.447,0
2062,10.534,0
2063,31.144,1
2064,12.663,0
2065,27.713,1
2066,20.114,0
2067,12.706,0
2068,14.403,0
2069,24.644,1
2070,13.133,0
2071,10.527,0
2072,29.954,1
2073,15.464,0
2074,15.013,0
2075,10.392,0
2076,17.41,0
2077,12.088,0
2078,22.799,0
2079,22.207,0
2080,22.529,0
2081,18.028,0
2082,28.743,1
2083,23.764,0
2084,25.445,1
2085,15.365,0
2086,16.167,0
2087,35.286,1
2088,15.787,0
2089,23.688,0
2090,29.84,1
2091,22.762,0
2092,15.281,0
2093,14.193,0
2094,17.371,0
2095,34.513,1
2096,9.38,0
2097,16.361,0
2098,15.97,0
2099,11.573,0
2100,18.856,0
2101,20.245,0
2102,20.815,0
2103,16.778,0
2104,17.437,0
2105,10.821,0
2106,14.019,0
2107,21.922,0
2108,29.754,1
2109,13.505,0
2110,17.205,0
2111,28.519,1
2112,15.471,0
2113,26.766,1
2114,18.79,0
2115,12.413,0
2116,19.802,0
2117,29.265,1
2118,21.422,0
2119,27.528,1
2120,18.172,0
2121,21.72,0
2122,10.965,0
2123,19.86,0
2124,28.746,1
2125,21.251,0
2126,13.92,0
2127,24.943,1
2128,20.685,0
2129,27.219,1
2130,18.242,0
2131,29.212,1
2132,10.721,0
2133,16.683,0
2134,14.846,0
2135,15.792,0
2136,24.69,1
2137,30.213,1
2138,27.836,1
2139,16.559,0
2140,17.116,0
2141,13.744,0
2142,15.172,0
2143,13.566,0
2144,13.308,0
2145,22.687,0
2146,35.906,1
2147,13.549,0
2148,11.453,0
2149,20.909,0
2150,18.889,0
2151,21.968,0
2152,19.303,0
2153,13.622,0
2154,24.238,1
2155,16.927,0
2156,19.893,0
2157,21.298,0
2158,17.999,0
2159,8.251,0
2160,8.383,0
2161,23.056,0
2162,22.112,0
2163,21.819,0
2164,13.656,0
2165,27.523,1
2166,24.513,1
2167,31.993,1
2168,18.284,0
2169,18.107,0
2170,36.73,1
2171,16.772,0
2172,18.151,0
2173,20.401,0
2174,13.08,0
2175,21.557,0
2176,18.271,0
2177,17.683,0
2178,24.058,1
2179,13.591,0
2180,12.732,0
2181,9.888,0
2182,16.194,0
2183,14.67,0
2184,33.014,1
2185,18.874,0
2186,40.903,1
2187,14.222,0
2188,26.784,1
2189,32.782,1
2190,21.671,0
2191,17.469,0
2192,14.118,0
2193,17.079,0
2194,18.862,0
2195,33.097,1
2196,17.643,0
2197,27.667,1
2198,18.638,0
2199,18.968,0
2200,11.858,0
2201,7.912,0
2202,20.24,0
2203,25.846,1
2204,15.005,0
2205,17.157,0
2206,23.056,0
2207,23.232,0
2208,17.397,0
2209,15.552,0
2210,15.341,0
2211,21.145,0
2212,19.308,0
2213,16.697,0
2214,12.204,0
2215,22.282,0
2216,19.625,0
2217,21.69,0
2218,20.213,0
2219,23.183,0
2220,14.991,0
2221,15.099,0
2222,14.203,0
2223,13.666,0
2224,12.438,0
2225,19.312,0
2226,21.176,0
2227,22.752,0
2228,20.948,0
2229,21.31,0
2230,13.732,0
2231,20.959,0
2232,13.391,0
2233,27.79,1
2234,22.005,0
2235,15.631,0
2236,19.555,0
2237,21.114,0
2238,13.934,0
2239,26.655,1
2240,21.074,0
2241,25.477,1
2242,13.131,0
2243,18.255,0
2244,19.969,0
2245,21.925,0
2246,17.812,0
2247,25.18,1
2248,19.05,0
2249,9.996,0
2250,15.102,0
2251,25.79,1
2252,17.653,0
2253,22.555,0
2254,15.84,0
2255,22.292,0
2256,18.729,0
2257,25.258,1
2258,11.763,0
2259,15.277,0
2260,18.436,0
2261,7.111,0
2262,15.484,0
2263,24.851,1
2264,19.728,0
2265,16.918,0
2266,15.187,0
2267,9.683,0
2268,22.254,0
2269,24.427,1
2270,13.89,0
2271,19.148,0
2272,20.613,0
2273,20.447,0
2274,23.488,0
2275,37.597,1
2276,25.032,1
2277,20.005,0
2278,24.682,1
2279,14.918,0
2280,19.75,0
2281,15.268,0
2282,41.207,1
2283,14.46,0
2284,23.737,0
2285,29.017,1
2286,20.672,0
2287,17.472,0
2288,24.717,1
2289,14.99,0
2290,19.976,0
2291,18.042,0
2292,26.316,1
2293,21.357,0
2294,24.689,1
2295,19.329,0
2296,12.291,0
2297,22.415,0
2298,23.523,0
2299,11.476,0
2300,17.758,0
2301,22.385,0
2302,15.617,0
2303,39.127,1
2304,25.513,1
2305,22.076,0
2306,20.248,0
2307,30.923,1
2308,18.06,0
2309,14.858,0
2310,15.29,0
2311,20.16,0
2312,18.793,0
2313,18.276,0
2314,16.146,0
2315,12.771,0
2316,18.699,0
2317,35.361,1
2318,25.034,1
2319,21.665,0
2320,9.174,0
2321,11.154,0
2322,16.709,0
2323,17.539,0
2324,12.33,0
2325,24.924,1
2326,12.599,0
2327,17.184,0
2328,11.659,0
2329,21.585,0
2330,24.269,1
2331,25.198,1
2332,17.046,0
2333,25.556,1
2334,18.066,0
2335,27.951,1
2336,20.233,0
2337,25.174,1
2338,22.762,0
2339,19.164,0
2340,13.816,0
2341,19.576,0
2342,21.165,0
2343,22.887,0
2344,29.003,1
2345,14.98,0
2346,18.306,0
2347,15.327,0
2348,13.294,0
2349,13.543,0
2350,28.624,1
2351,24.502,1
2352,21.495,0
2353,18.153,0
2354,20.177,0
2355,23.29,0
2356,18.086,0
2357,13.818,0
2358,25.283,1
2359,21.749,0
2360,8.617,0
2361,26.978,1
2362,15.943,0
2363,16.312,0
2364,18.354,0
2365,23.216,0
2366,15.032,0
2367,26.721,1
2368,15.016,0
2369,14.542,0
2370,17.942,0
2371,21.172,0
2372,19.343,0
2373,13.38,0
2374,16.792,0
2375,40.573,1
2376,20.743,0
2377,18.732,0
2378,17.492,0
2379,10.13,0
2380,9.996,0
2381,19.684,0
2382,13.365,0
2383,18.029,0
2384,24.858,1
2385,21.916,0
2386,22.328,0
2387,24.112,1
2388,20.416,0
2389,17.547,0
2390,11.421,0
2391,19.857,0
2392,18.288,0
2393,20.94,0
2394,19.017,0
2395,15.833,0
2396,18.204,0
2397,18.171,0
2398,13.268,0
2399,17.947,0
2400,16.376,0
2401,16.352,0
2402,10.369,0
2403,16.428,0
2404,11.22,0
2405,19.502,0
2406,24.077,1
2407,16.906,0
2408,17.179,0
2409,16.504,0
2410,28.88,1
2411,20.197,0
2412,21.79,0
2413,14.326,0
2414,14.835,0
2415,27.92,1
2416,15.265,0
2417,26.445,1
2418,24.19,1
2419,12.424,0
2420,21.883,0
2421,19.149,0
2422,11.558,0
2423,22.82,0
2424,13.565,0
2425,18.603,0
2426,22.285,0
2427,25.494,1
2428,18.448,0
2429,18.514,0
2430,11.114,0
2431,19.703,0
2432,14.746,0
2433,20.757,0
2434,18.851,0
2435,18.11,0
2436,28.059,1
2437,21.743,0
2438,36.653,1
2439,9.893,0
2440,12.077,0
2441,20.049,0
2442,13.946,0
2443,17.216,0
2444,13.742,0
2445,16.753,0
2446,23.816,0
2447,21.484,0
2448,20.49,0
2449,20.621,0
2450,20.774,0
2451,14.572,0
2452,17.658,0
2453,23.211,0
2454,24.049,1
2455,16.068,0
2456,19.905,0
2457,30.17,1
2458,10.459,0
2459,16.109,0
2460,10.947,0
2461,16.572,0
2462,17.339,0
2463,15.994,0
2464,17.85,0
2465,19.405,0
2466,21.318,0
2467,14.608,0
2468,22.228,0
2469,26.46,1
2470,9.219,0
2471,19.589,0
2472,13.365,0
2473,17.537,0
2474,19.626,0
2475,32.136,1
2476,19.151,0
2477,23.438,0
2478,16.268,0
2479,26.308,1
2480,18.068,0
2481,19.661,0
2482,20.799,0
2483,14.578,0
2484,16.779,0
2485,11.142,0
2486,16.765,0
2487,13.678,0
2488,25.267,1
2489,23.972,0
2490,21.64,0
2491,19.639,0
2492,27.877,1
2493,14.583,0
2494,17.136,0
2495,11.585,0
2496,15.22,0
2497,21.013,0
2498,14.209,0
2499,18.468,0
2500,25.708,1
2501,14.186,0
2502,31.805,1
2503,22.136,0
2504,21.031,0
2505,21.561,0
2506,20.125,0
2507,16.5,0
2508,24.591,1
2509,28.253,1
2510,18.453,0
2511,19.535,0
2512,18.489,0
2513,32.413,1
2514,21.524,0
2515,17.89,0
2516,16.575,0
2517,15.292,0
2518,18.255,0
2519,13.248,0
2520,17.088,0
2521,13.23,0
2522,12.246,0
2523,21.439,0
2524,26.3,1
2525,30.023,1
2526,26.347,1
2527,25.782,1
2528,19.473,0
2529,15.807,0
2530,17.664,0
2531,38.575,1
2532,21.054,0
2533,23.751,0
2534,26.121,1
2535,26.676,1
2536,20.453,0
2537,29.343,1
2538,36.157,1
2539,13.546,0
2540,21.493,0
2541,20.853,0
2542,36.46,1
2543,16.39,0
2544,17.022,0
2545,14.846,0
2546,14.272,0
2547,12.484,0
2548,17.678,0
2549,31.624,1
2550,17.215,0
2551,15.361,0
2552,27.396,1
2553,22.86,0
2554,18.64,0
2555,34.936,1
2556,11.277,0
2557,19.594,0
2558,16.049,0
2559,11.359,0
2560,31.965,1
2561,13.603,0
2562,17.705,0
2563,20.756,0
2564,16.981,0
2565,24.539,1
2566,22.469,0
2567,23.924,0
2568,13.818,0
2569,14.62,0
2570,16.703,0
2571,20.152,0
2572,22.635,0
2573,21.997,0
2574,22.184,0
2575,14.377,0
2576,16.258,0
2577,10.424,0
2578,14.18,0
2579,14.385,0
2580,10.394,0
2581,19.924,0
2582,21.522,0
2583,12.158,0
2584,17.625,0
2585,23.651,0
2586,18.632,0
2587,27.104,1
2588,14.983,0
2589,27.643,1
2590,23.936,0
2591,18.664,0
2592,22.817,0
2593,31.71,1
2594,19.88,0
2595,13.125,0
2596,16.413,0
2597,14.293,0
2598,19.149,0
2599,23.503,0
2600,18.587,0
2601,12.279,0
2602,8.568,0
2603,12.989,0
2604,20.763,0
2605,19.864,0
2606,24.847,1
2607,13.445,0
2608,16.378,0
2609,15.88,0
2610,13.417,0
2611,20.792,0
2612,11.62,0
2613,14.296,0
2614,25.7,1
2615,24.625,1
2616,14.838,0
2617,17.518,0
2618,12.036,0
2619,22.762,0
2620,24.041,1
2621,18.685,0
2622,20.111,0
2623,17.236,0
2624,25.15,1
2625,21.226,0
2626,25.08,1
2627,24.714,1
2628,14.774,0
2629,23.809,0
2630,18.219,0
2631,25.146,1
2632,16.69,0
2633,30.664,1
2634,18.252,0
2635,17.254,0
2636,16.911,0
2637,19.775,0
2638,32.783,1
2639,19.561,0
2640,16.47,0
2641,21.029,0
2642,21.452,0
2643,13.414,0
2644,18.15,0
2645,17.523,0
2646,12.899,0
2647,24.259,1
2648,27.373,1
2649,16.294,0
2650,17.216,0
2651,25.8,1
2652,12.456,0
2653,17.245,0
2654,29.073,1
2655,25.176,1
2656,15.107,0
2657,20.785,0
2658,24.693,1
2659,9.659,0
2660,10.054,0
2661,20.128,0
2662,6.965,0
2663,38.394,1
2664,24.7,1
2665,17.277,0
2666,21.078,0
2667,23.604,0
2668,25.956,1
2669,16.766,0
2670,14.943,0
2671,29.438,1
2672,12.175,0
2673,9.845,0
2674,21.947,0
2675,23.637,0
2676,13.596,0
2677,8.446,0
2678,12.774,0
2679,17.534,0
2680,41.654,1
2681,20.116,0
2682,30.272,1
2683,27.668,1
2684,21.482,0
2685,17.644,0
2686,21.183,0
2687,20.097,0
2688,10.205,0
2689,16.366,0
2690,18.725,0
2691,29.442,1
2692,23.121,0
2693,32.477,1
2694,16.885,0
2695,17.293,0
2696,20.823,0
2697,14.016,0
2698,21.597,0
2699,14.145,0
2700,20.721,0
2701,9.894,0
2702,17.691,0
2703,24.008,1
2704,21.016,0
2705,25.564,1
2706,13.636,0
2707,17.67,0
2708,9.376,0
2709,11.207,0
2710,22.429,0
2711,34.14,1
2712,18.878,0
2713,24.079,1
2714,24.019,1
2715,15.238,0
2716,22.927,0
2717,10.403,0
2718,13.858,0
2719,19.506,0
2720,19.074,0
2721,17.644,0
2722,20.343,0
2723,19.503,0
2724,20.238,0
2725,16.345,0
2726,20.411,0
2727,22.289,0
2728,26.153,1
2729,14.767,0
2730,21.523,0
2731,21.729,0
2732,12.922,0
2733,12.329,0
2734,20.16,0
2735,12.61,0
2736,23.591,0
2737,15.041,0
2738,19.067,0
2739,22.039,0
2740,16.425,0
2741,7.621,0
2742,27.03,1
2743,21.903,0
2744,16.642,0
2745,11.995,0
2746,16.683,0
2747,28.241,1
2748,16.646,0
2749,19.476,0
2750,15.939,0
2751,22.302,0
2752,15.421,0
2753,15.784,0
2754,20.698,0
2755,18.424,0
2756,28.99,1
2757,16.438,0
2758,25.906,1
2759,18.039,0
2760,17.776,0
2761,15.415,0
2762,17.77,0
2763,14.617,0
2764,12.836,0
2765,22.697,0
2766,15.37,0
2767,35.201,1
2768,29.509,1
2769,12.937,0
2770,14.817,0
2771,30.377,1
2772,14.123,0
2773,22.168,0
2774,22.127,0
2775,16.075,0
2776,24.961,1
2777,13.212,0
2778,14.61,0
2779,17.944,0
2780,13.252,0
2781,27.365,1
2782,15.853,0
2783,22.368,0
2784,20.984,0
2785,18.885,0
2786,20.627,0
2787,26.113,1
2788,21.121,0
2789,31.655,1
2790,12.455,0
2791,17.206,0
2792,34.752,1
2793,9.869,0
2794,35.403,1
2795,27.402,1
2796,16.738,0
2797,18.51,0
2798,13.139,0
2799,18.946,0
2800,25.227,1
2801,14.108,0
2802,11.776,0
2803,10.768,0
2804,24.08,1
2805,30.46,1
2806,12.509,0
2807,17.731,0
2808,23.046,0
2809,15.878,0
2810,20.018,0
2811,20.113,0
2812,17.97,0
2813,11.352,0
2814,12.475,0
2815,16.715,0
2816,22.354,0
2817,19.834,0
2818,23.834,0
2819,19.396,0
2820,14.454,0
2821,19.799,0
2822,14.84,0
2823,31.154,1
2824,19.604,0
2825,21.615,0
2826,14.782,0
2827,12.081,0
2828,21.812,0
2829,17.882,0
2830,22.346,0
2831,22.337,0
2832,24.664,1
2833,17.023,0
2834,15.479,0
2835,14.611,0
2836,22.64,0
2837,19.559,0
2838,23.933,0
2839,19.978,0
2840,9.976,0
2841,10.953,0
2842,20.949,0
2843,15.397,0
2844,18.958,0
2845,22.414,0
2846,26.483,1
2847,13.97,0
2848,8.996,0
2849,15.76,0
2850,30.63,1
2851,15.959,0
2852,24.485,1
2853,20.474,0
2854,23.729,0
2855,13.446,0
2856,21.029,0
2857,10.214,0
2858,21.315,0
2859,20.99,0
2860,24.281,1
2861,15.777,0
2862,12.48,0
2863,24.424,1
2864,18.199,0
2865,21.476,0
2866,19.737,0
2867,27.999,1
2868,22.482,0
2869,14.208,0
2870,26.236,1
2871,22.612,0
2872,27.638,1
2873,15.268,0
2874,33.128,1
2875,15.282,0
2876,26.252,1
2877,25.195,1
2878,19.503,0
2879,17.48,0
2880,25.582,1
2881,27.398,1
2882,20.471,0
2883,17.159,0
2884,14.019,0
2885,9.513,0
2886,13.003,0
2887,16.781,0
2888,15.088,0
2889,20.919,0
2890,22.389,0
2891,17.828,0
2892,21.242,0
2893,25.623,1
2894,9.55,0
2895,21.343,0
2896,7.091,0
2897,17.741,0
2898,33.021,1
2899,12.35,0
2900,23.898,0
2901,24.119,1
2902,27.363,1
2903,18.563,0
2904,18.231,0
2905,23.91,0
2906,20.96,0
2907,16.091,0
2908,25.216,1
2909,9.164,0
2910,26.478,1
2911,12.847,0
2912,26.645,1
2913,12.399,0
2914,27.919,1
2915,30.696,1
2916,25.189,1
2917,19.134,0
2918,27.713,1
2919,15.714,0
2920,33.736,1
2921,20.746,0
2922,20.523,0
2923,9.687,0
2924,18.606,0
2925,20.936,0
2926,23.295,0
2927,21.324,0
2928,13.482,0
2929,6.332,0
2930,17.017,0
2931,31.453,1
2932,21.839,0
2933,17.767,0
2934,18.895,0
2935,16.462,0
2936,21.323,0
2937,13.934,0
2938,16.624,0
2939,24.389,1
2940,18.45,0
2941,18.327,0
2942,27.227,1
2943,18.452,0
2944,24.832,1
2945,22.965,0
2946,13.324,0
2947,24.715,1
2948,18.377,0
2949,20.59,0
2950,32.992,1
2951,25.231,1
2952,21.709,0
2953,27.997,1
2954,15.994,0
2955,8.747,0
2956,11.571,0
2957,30.817,1
2958,14.676,0
2959,13.343,0
2960,21.295,0
2961,15.778,0
2962,15.254,0
2963,15.681,0
2964,20.607,0
2965,19.553,0
2966,15.782,0
2967,40.611,1
2968,8.301,0
2969,12.534,0
2970,20.856,0
2971,20.121,0
2972,15.651,0
2973,19.425,0
2974,20.322,0
2975,31.13,1
2976,21.461,0
2977,16.205,0
2978,22.651,0
2979,13.003,0
2980,17.032,0
2981,36.219,1
2982,31.621,1
2983,20.181,0
2984,13.671,0
2985,23.597,0
2986,25.549,1
2987,21.664,0
2988,7.728,0
2989,19.123,0
2990,21.995,0
2991,13.581,0
2992,15.359,0
2993,12.427,0
2994,30.813,1
2995,13.749,0
2996,20.322,0
2997,19.688,0
2998,22.868,0
2999,21.709,0
3000,19.481,0
3001,21.031,0
3002,25.392,1
3003,21.476,0
3004,14.493,0
3005,17.454,0
3006,27.44,1
3007,14.83,0
3008,23.025,0
3009,19.407,0
3010,7.008,0
3011,16.63,0
3012,21.579,0
3013,20.496,0
3014,17.832,0
3015,19.565,0
3016,32.21,1
3017,26.165,1
3018,18.406,0
3019,13.718,0
3020,23.989,0
3021,14.718,0
3022,18.182,0
3023,23.53,0
3024,16.201,0
3025,18.181,0
3026,20.909,0
3027,25.672,1
3028,10.246,0
3029,17.395,0
3030,16.844,0
3031,15.609,0
3032,17.169,0
3033,19.025,0
3034,15.606,0
3035,11.581,0
3036,21.532,0
3037,20.727,0
3038,20.189,0
3039,28.998,1
3040,14.112,0
3041,27.328,1
3042,19.022,0
3043,17.705,0
3044,31.612,1
3045,13.898,0
3046,33.287,1
3047,26.141,1
3048,11.537,0
3049,31.144,1
3050,14.173,0
3051,21.242,0
3052,10.388,0
3053,20.567,0
3054,18.568,0
3055,7.18,0
3056,26.148,1
3057,29.89,1
3058,20.799,0
3059,24.392,1
3060,14.239,0
3061,36.642,1
3062,13.067,0
3063,17.606,0
3064,14.99,0
3065,15.582,0
3066,10.377,0
3067,13.384,0
3068,15.77,0
3069,25.941,1
3070,26.527,1
3071,10.419,0
3072,19.485,0
3073,18.394,0
3074,11.657,0
3075,19.895,0
3076,22.646,0
3077,15.293,0
3078,19.73,0
3079,17.546,0
3080,20.503,0
3081,23.932,0
3082,27.129,1
3083,30.694,1
3084,22.386,0
3085,12.29,0
3086,14.015,0
3087,7.805,0
3088,22.524,0
3089,12.476,0
3090,24.586,1
3091,20.153,0
3092,23.47,0
3093,15.038,0
3094,19.094,0
3095,29.371,1
3096,20.429,0
3097,15.035,0
3098,20.034,0
3099,28.244,1
3100,14.116,0
3101,19.61,0
3102,14.526,0
3103,17.766,0
3104,20.552,0
3105,22.965,0
3106,22.89,0
3107,26.044,1
3108,31.049,1
3109,17.531,0
3110,18.149,0
3111,33.254,1
3112,16.17,0
3113,15.229,0
3114,15.687,0
3115,21.382,0
3116,36.926,1
3117,23.529,0
3118,18.496,0
3119,16.949,0
3120,28.845,1
3121,16.572,0
3122,18.925,0
3123,11.801,0
3124,16.421,0
3125,13.371,0
3126,19.636,0
3127,8.562,0
3128,13.424,0
3129,27.665,1
3130,28.544,1
3131,37.551,1
3132,16.912,0
3133,16.753,0
3134,18.081,0
3135,28.696,1
3136,16.395,0
3137,7.195,0
3138,14.281,0
3139,15.741,0
3140,11.145,0
3141,14.79,0
3142,23.289,0
3143,20.303,0
3144,19.193,0
3145,17.853,0
3146,25.208,1
3147,10.52,0
3148,18.67,0
3149,15.624,0
3150,14.056,0
3151,20.885,0
3152,22.771,0
3153,25.818,1
3154,14.37,0
3155,17.524,0
3156,20.148,0
3157,27.84,1
3158,25.601,1
3159,18.985,0
3160,17.675,0
3161,19.854,0
3162,10.45,0
3163,26.297,1
3164,24.123,1
3165,24.667,1
3166,17.008,0
3167,17.657,0
3168,33.478,1
3169,21.482,0
3170,18.219,0
3171,13.199,0
3172,20.673,0
3173,14.551,0
3174,15.598,0
3175,14.888,0
3176,25.051,1
3177,27.952,1
3178,18.502,0
3179,23.324,0
3180,20.484,0
3181,13.536,0
3182,23.742,0
3183,16.015,0
3184,17.797,0
3185,20.22,0
3186,20.438,0
3187,23.794,0
3188,25.741,1
3189,16.048,0
3190,39.856,1
3191,15.545,0
3192,13.92,0
3193,18.32,0
3194,21.999,0
3195,21.86,0
3196,30.01,1
3197,17.832,0
3198,16.435,0
3199,19.593,0
3200,16.002,0
3201,23.567,0
3202,11.873,0
3203,13.244,0
3204,8.891,0
3205,17.443,0
3206,15.306,0
3207,16.297,0
3208,28.073,1
3209,21.0,0
3210,24.427,1
3211,20.665,0
3212,15.001,0
3213,23.306,0
3214,12.027,0
3215,17.934,0
3216,17.322,0
3217,16.347,0
3218,19.471,0
3219,27.062,1
3220,25.646,1
3221,10.12,0
3222,26.803,1
3223,17.636,0
3224,16.124,0
3225,20.481,0
3226,13.232,0
3227,22.02,0
3228,17.157,0
3229,11.22,0
3230,26.526,1
3231,15.601,0
3232,15.072,0
3233,8.567,0
3234,17.167,0
3235,22.626,0
3236,13.463,0
3237,13.151,0
3238,31.898,1
3239,26.305,1
3240,15.47,0
3241,8.605,0
3242,18.39,0
3243,22.33,0
3244,23.609,0
3245,13.645,0
3246,24.045,1
3247,16.306,0
3248,17.922,0
3249,22.02,0
3250,16.482,0
3251,15.134,0
3252,20.766,0
3253,18.748,0
3254,16.033,0
3255,27.62,1
3256,21.043,0
3257,22.041,0
3258,16.608,0
3259,20.005,0
3260,26.556,1
3261,28.575,1
3262,14.236,0
3263,12.786,0
3264,20.422,0
3265,13.224,0
3266,17.673,0
3267,13.776,0
3268,15.967,0
3269,16.172,0
3270,19.449,0
3271,34.955,1
3272,22.155,0
3273,27.971,1
3274,22.883,0
3275,12.681,0
3276,18.917,0
3277,25.984,1
3278,17.971,0
3279,17.146,0
3280,23.496,0
3281,11.853,0
3282,9.298,0
3283,24.181,1
3284,11.423,0
3285,33.239,1
3286,17.502,0
3287,20.554,0
3288,10.314,0
3289,25.298,1
3290,22.728,0
3291,26.196,1
3292,19.201,0
3293,17.568,0
3294,14.996,0
3295,15.321,0
3296,19.899,0
3297,25.8,1
3298,14.175,0
3299,34.707,1
3300,25.235,1
3301,14.186,0
3302,20.444,0
3303,14.036,0
3304,21.733,0
3305,28.288,1
3306,30.447,1
3307,14.889,0
3308,26.976,1
3309,25.623,1
3310,10.248,0
3311,14.601,0
3312,13.086,0
3313,19.953,0
3314,14.84,0
3315,26.607,1
3316,11.838,0
3317,19.647,0
3318,22.26,0
3319,17.784,0
3320,18.96,0
3321,26.198,1
3322,24.342,1
3323,27.34,1
3324,22.433,0
3325,18.946,0
3326,13.039,0
3327,31.068,1
3328,20.559,0
3329,25.834,1
3330,33.118,1
3331,18.102,0
3332,17.488,0
3333,13.833,0
3334,28.39,1
3335,34.464,1
3336,19.647,0
3337,11.817,0
3338,17.008,0
3339,26.702,1
3340,17.625,0
3341,11.529,0
3342,15.573,0
3343,14.2,0
3344,12.317,0
3345,19.942,0
3346,26.785,1
3347,22.512,0
3348,16.768,0
3349,25.758,1
3350,20.373,0
3351,21.716,0
3352,20.074,0
3353,12.26,0
3354,11.19,0
3355,23.04,0
3356,10.271,0
3357,25.724,1
3358,13.202,0
3359,17.527,0
3360,25.632,1
3361,19.278,0
3362,24.225,1
3363,12.574,0
3364,8.415,0
3365,19.535,0
3366,14.851,0
3367,21.469,0
3368,24.008,1
3369,26.981,1
3370,22.991,0
3371,26.49,1
3372,22.26,0
3373,21.475,0
3374,23.755,0
3375,14.497,0
3376,20.968,0
3377,28.727,1
3378,27.319,1
3379,22.232,0
3380,11.0,0
3381,21.909,0
3382,22.92,0
3383,14.173,0
3384,15.05,0
3385,19.85,0
3386,13.087,0
3387,13.347,0
3388,22.604,0
3389,13.812,0
3390,25.1,1
3391,15.83,0
3392,23.861,0
3393,21.819,0
3394,9.004,0
3395,12.551,0
3396,16.56,0
3397,20.13,0
3398,13.893,0
3399,19.649,0
3400,15.576,0
3401,36.184,1
3402,9.926,0
3403,19.65,0
3404,18.099,0
3405,26.248,1
3406,20.151,0
3407,29.524,1
3408,13.522,0
3409,19.726,0
3410,17.316,0
3411,20.706,0
3412,25.945,1
3413,21.636,0
3414,16.634,0
3415,24.697,1
3416,17.526,0
3417,15.553,0
3418,24.486,1
3419,23.543,0
3420,19.501,0
3421,14.134,0
3422,29.182,1
3423,18.743,0
3424,24.74,1
3425,5.765,0
3426,18.085,0
3427,18.94,0
3428,16.638,0
3429,21.267,0
3430,25.447,1
3431,18.197,0
3432,31.73,1
3433,13.686,0
3434,14.119,0
3435,20.876,0
3436,32.174,1
3437,21.659,0
3438,21.285,0
3439,20.302,0
3440,19.587,0
3441,15.899,0
3442,10.565,0
3443,14.278,0
3444,26.438,1
3445,13.701,0
3446,31.56,1
3447,23.721,0
3448,16.007,0
3449,19.744,0
3450,26.201,1
3451,15.329,0
3452,27.345,1
3453,15.426,0
3454,22.436,0
3455,25.582,1
3456,25.036,1
3457,12.739,0
3458,24.013,1
3459,19.257,0
3460,12.192,0
3461,15.502,0
3462,17.503,0
3463,22.769,0
3464,17.965,0
3465,19.508,0
3466,18.774,0
3467,17.568,0
3468,13.363,0
3469,15.503,0
3470,12.187,0
3471,33.417,1
3472,18.169,0
3473,20.978,0
3474,21.161,0
3475,14.773,0
3476,17.799,0
3477,19.676,0
3478,13.337,0
3479,31.086,1
3480,25.372,1
3481,17.278,0
3482,11.339,0
3483,14.869,0
3484,23.472,0
3485,18.566,0
3486,23.541,0
3487,21.085,0
3488,21.61,0
3489,34.728,1
3490,15.365,0
3491,19.508,0
3492,19.422,0
3493,16.254,0
3494,18.884,0
3495,13.475,0
3496,14.316,0
3497,18.683,0
3498,24.561,1
3499,23.367,0
3500,29.947,1
3501,22.916,0
3502,16.114,0
3503,26.593,1
3504,28.433,1
3505,20.663,0
3506,15.586,0
3507,14.269,0
3508,18.019,0
3509,13.015,0
3510,13.97,0
3511,39.849,1
3512,13.838,0
3513,14.817,0
3514,14.046,0
3515,13.324,0
3516,25.747,1
3517,24.213,1
3518,15.264,0
3519,19.181,0
3520,19.45,0
3521,18.159,0
3522,20.432,0
3523,19.129,0
3524,15.402,0
3525,16.198,0
3526,26.266,1
3527,23.242,0
3528,20.631,0
3529,25.813,1
3530,18.4,0
3531,21.339,0
3532,14.773,0
3533,23.295,0
3534,25.077,1
3535,14.449,0
3536,14.167,0
3537,18.925,0
3538,23.696,0
3539,16.488,0
3540,14.428,0
3541,17.757,0
3542,23.728,0
3543,22.089,0
3544,14.271,0
3545,22.205,0
3546,13.585,0
3547,16.107,0
3548,25.363,1
3549,16.722,0
3550,12.294,0
3551,19.37,0
3552,13.771,0
3553,22.342,0
3554,21.613,0
3555,30.409,1
3556,19.572,0
3557,16.323,0
3558,19.396,0
3559,15.735,0
3560,15.222,0
3561,34.732,1
3562,14.624,0
3563,21.98,0
3564,14.802,0
3565,38.263,1
3566,23.089,0
3567,24.636,1
3568,33.151,1
3569,18.968,0
3570,7.085,0
3571,14.102,0
3572,31.133,1
3573,21.703,0
3574,14.812,0
3575,21.703,0
3576,17.772,0
3577,31.436,1
3578,18.278,0
3579,31.106,1
3580,12.546,0
3581,20.448,0
3582,16.287,0
3583,21.719,0
3584,16.893,0
3585,13.572,0
3586,26.171,1
3587,22.493,0
3588,17.76,0
3589,16.656,0
3590,19.494,0
3591,18.593,0
3592,31.911,1
3593,34.42,1
3594,23.24,0
3595,16.922,0
3596,20.634,0
3597,23.217,0
3598,19.825,0
3599,11.662,0
3600,22.518,0
3601,25.211,1
3602,16.375,0
3603,17.613,0
3604,12.147,0
3605,24.862,1
3606,13.037,0
3607,25.452,1
3608,17.045,0
3609,32.412,1
3610,16.559,0
3611,26.018,1
3612,26.214,1
3613,16.363,0
3614,26.469,1
3615,25.651,1
3616,16.356,0
3617,15.245,0
3618,15.682,0
3619,18.649,0
3620,24.711,1
3621,37.621,1
3622,19.622,0
3623,13.772,0
3624,10.343,0
3625,30.898,1
3626,12.242,0
3627,20.019,0
3628,21.065,0
3629,12.983,0
3630,18.498,0
3631,19.774,0
3632,19.001,0
3633,21.906,0
3634,16.862,0
3635,22.799,0
3636,18.518,0
3637,33.094,1
3638,18.546,0
3639,23.511,0
3640,12.941,0
3641,27.716,1
3642,19.957,0
3643,28.981,1
3644,28.46,1
3645,33.306,1
3646,19.296,0
3647,19.21,0
3648,18.043,0
3649,18.87,0
3650,10.855,0
3651,18.035,0
3652,12.525,0
3653,27.077,1
3654,14.716,0
3655,18.892,0
3656,27.522,1
3657,13.129,0
3658,36.764,1
3659,36.64,1
3660,22.334,0
3661,17.01,0
3662,17.885,0
3663,22.609,0
3664,22.693,0
3665,10.844,0
3666,24.126,1
3667,17.2,0
3668,22.343,0
3669,24.287,1
3670,12.982,0
3671,22.885,0
3672,21.907,0
3673,17.669,0
3674,30.255,1
3675,19.532,0
3676,15.879,0
3677,31.055,1
3678,11.182,0
3679,18.979,0
3680,12.799,0
3681,10.763,0
3682,12.554,0
3683,13.565,0
3684,10.782,0
3685,21.699,0
3686,20.697,0
3687,12.841,0
3688,19.108,0
3689,15.053,0
3690,20.436,0
3691,16.945,0
3692,15.256,0
3693,17.311,0
3694,22.646,0
3695,22.886,0
3696,14.571,0
3697,19.503,0
3698,14.341,0
3699,32.877,1
3700,13.43,0
3701,16.854,0
3702,11.085,0
3703,29.853,1
3704,13.246,0
3705,31.069,1
3706,18.819,0
3707,12.142,0
3708,19.513,0
3709,24.219,1
3710,20.571,0
3711,28.409,1
3712,19.444,0
3713,12.346,0
3714,23.125,0
3715,17.312,0
3716,23.112,0
3717,13.021,0
3718,32.959,1
3719,12.28,0
3720,18.933,0
3721,21.555,0
3722,13.676,0
3723,34.889,1
3724,15.657,0
3725,19.385,0
3726,23.089,0
3727,17.279,0
3728,20.385,0
3729,13.418,0
3730,25.853,1
3731,23.022,0
3732,21.747,0
3733,19.498,0
3734,15.108,0
3735,28.167,1
3736,22.35,0
3737,24.974,1
3738,18.732,0
3739,29.098,1
3740,29.463,1
3741,12.795,0
3742,20.463,0
3743,20.344,0
3744,26.142,1
3745,19.02,0
3746,16.706,0
3747,26.648,1
3748,16.323,0
3749,12.653,0
3750,19.431,0
3751,27.631,1
3752,24.753,1
3753,32.762,1
3754,20.512,0
3755,21.63,0
3756,19.491,0
3757,21.186,0
3758,15.859,0
3759,10.171,0
3760,13.984,0
3761,24.337,1
3762,11.301,0
3763,15.817,0
3764,17.16,0
3765,23.469,0
3766,16.272,0
3767,33.079,1
3768,12.492,0
3769,19.308,0
3770,22.781,0
3771,13.748,0
3772,13.201,0
3773,21.216,0
3774,14.113,0
3775,21.204,0
3776,12.626,0
3777,18.401,0
3778,19.106,0
3779,17.147,0
3780,24.292,1
3781,26.577,1
3782,13.584,0
3783,19.457,0
3784,18.498,0
3785,27.581,1
3786,21.445,0
3787,28.724,1
3788,16.316,0
3789,26.324,1
3790,26.464,1
3791,20.436,0
3792,23.324,0
3793,18.431,0
3794,12.394,0
3795,15.885,0
3796,20.146,0
3797,19.562,0
3798,19.921,0
3799,8.945,0
3800,21.455,0
3801,22.853,0
3802,22.872,0
3803,32.379,1
3804,26.54,1
3805,9.494,0
3806,12.031,0
3807,16.098,0
3808,14.973,0
3809,22.434,0
3810,21.157,0
3811,16.198,0
3812,13.704,0
3813,9.736,0
3814,18.68,0
3815,12.359,0
3816,23.387,0
3817,28.85,1
3818,16.512,0
3819,13.26,0
3820,19.393,0
3821,18.839,0
3822,14.906,0
3823,12.734,0
3824,18.115,0
3825,30.498,1
3826,24.08,1
3827,15.157,0
3828,23.747,0
3829,17.838,0
3830,16.667,0
3831,16.869,0
3832,27.171,1
3833,11.611,0
3834,22.785,0
3835,15.29,0
3836,13.438,0
3837,19.959,0
3838,22.377,0
3839,25.928,1
3840,29.566,1
3841,18.2,0
3842,19.285,0
3843,16.006,0
3844,11.63,0
3845,22.416,0
3846,23.564,0
3847,15.146,0
3848,9.529,0
3849,27.29,1
3850,28.559,1
3851,30.247,1
3852,22.243,0
3853,14.182,0
3854,22.248,0
3855,22.22,0
3856,29.379,1
3857,12.898,0
3858,17.504,0
3859,16.053,0
3860,12.54,0
3861,28.132,1
3862,18.334,0
3863,15.519,0
3864,28.074,1
3865,17.822,0
3866,25.209,1
3867,15.128,0
3868,14.38,0
3869,24.065,1
3870,14.23,0
3871,12.414,0
3872,14.764,0
3873,20.536,0
3874,22.784,0
3875,20.0,0
3876,18.325,0
3877,19.399,0
3878,15.061,0
3879,23.664,0
3880,14.827,0
3881,19.574,0
3882,15.621,0
3883,18.426,0
3884,27.678,1
3885,26.824,1
3886,22.675,0
3887,30.996,1
3888,8.375,0
3889,30.031,1
3890,14.226,0
3891,12.212,0
3892,20.152,0
3893,21.084,0
3894,14.824,0
3895,22.774,0
3896,22.927,0
3897,26.938,1
3898,16.036,0
3899,22.776,0
3900,16.303,0
3901,15.702,0
3902,13.293,0
3903,24.88,1
3904,18.94,0
3905,17.888,0
3906,22.793,0
3907,21.522,0
3908,16.644,0
3909,16.647,0
3910,12.605,0
3911,23.864,0
3912,13.532,0
3913,20.701,0
3914,14.182,0
3915,18.518,0
3916,15.721,0
3917,14.127,0
3918,17.377,0
3919,18.318,0
3920,22.375,0
3921,15.656,0
3922,25.276,1
3923,20.037,0
3924,17.611,0
3925,14.762,0
3926,29.73,1
3927,9.808,0
3928,10.967,0
3929,20.396,0
3930,14.857,0
3931,25.453,1
3932,15.123,0
3933,22.964,0
3934,12.216,0
3935,13.369,0
3936,14.342,0
3937,17.579,0
3938,21.57,0
3939,11.133,0
3940,13.76,0
3941,11.67,0
3942,24.613,1
3943,20.178,0
3944,16.655,0
3945,12.695,0
3946,10.85,0
3947,25.553,1
3948,14.908,0
3949,18.101,0
3950,20.652,0
3951,27.366,1
3952,20.787,0
3953,10.04,0
3954,19.314,0
3955,16.995,0
3956,16.768,0
3957,21.107,0
3958,17.288,0
3959,15.964,0
3960,32.866,1
3961,22.27,0
3962,28.362,1
3963,11.022,0
3964,28.136,1
3965,10.899,0
3966,14.53,0
3967,18.576,0
3968,16.572,0
3969,14.135,0
3970,23.378,0
3971,28.004,1
3972,17.574,0
3973,9.935,0
3974,9.928,0
3975,21.926,0
3976,19.547,0
3977,12.518,0
3978,25.436,1
3979,33.736,1
3980,15.753,0
3981,22.798,0
3982,12.718,0
3983,16.876,0
3984,21.22,0
3985,21.068,0
3986,16.359,0
3987,24.422,1
3988,22.084,0
3989,20.984,0
3990,17.252,0
3991,22.926,0
3992,13.226,0
3993,19.206,0
3994,18.672,0
3995,11.491,0
3996,23.08,0
3997,24.141,1
3998,20.065,0
3999,26.309,1
4000,12.106,0
4001,21.913,0
4002,22.698,0
4003,17.284,0
4004,25.87,1
4005,15.726,0
4006,29.182,1
4007,24.801,1
4008,32.237,1
4009,22.498,0
4010,26.201,1
4011,32.174,1
4012,13.073,0
4013,29.194,1
4014,8.55,0
4015,20.204,0
4016,13.081,0
4017,13.29,0
4018,17.251,0
4019,16.563,0
4020,10.353,0
4021,21.009,0
4022,13.486,0
4023,13.675,0
4024,21.569,0
4025,17.616,0
4026,15.336,0
4027,30.591,1
4028,21.431,0
4029,15.828,0
4030,15.545,0
4031,19.859,0
4032,24.396,1
4033,27.795,1
4034,16.984,0
4035,21.985,0
4036,38.327,1
4037,10.947,0
4038,26.52,1
4039,26.926,1
4040,16.154,0
4041,9.875,0
4042,22.741,0
4043,20.671,0
4044,16.144,0
4045,29.269,1
4046,19.495,0
4047,25.138,1
4048,15.152,0
4049,17.898,0
4050,12.768,0
4051,18.186,0
4052,23.08,0
4053,11.544,0
4054,23.136,0
4055,16.965,0
4056,13.032,0
4057,19.224,0
4058,27.241,1
4059,19.216,0
4060,20.116,0
4061,18.156,0
4062,20.434,0
4063,15.98,0
4064,23.712,0
4065,22.475,0
4066,24.785,1
4067,28.202,1
4068,20.16,0
4069,25.751,1
4070,35.912,1
4071,30.532,1
4072,27.135,1
4073,26.329,1
4074,17.478,0
4075,20.439,0
4076,21.337,0
4077,17.853,0
4078,26.515,1
4079,15.048,0
4080,15.986,0
4081,18.526,0
4082,27.415,1
4083,13.671,0
4084,27.638,1
4085,15.212,0
4086,16.394,0
4087,24.838,1
4088,18.43,0
4089,10.903,0
4090,17.132,0
4091,20.692,0
4092,13.503,0
4093,18.816,0
4094,18.851,0
4095,15.654,0
4096,14.907,0
4097,10.129,0
4098,20.321,0
4099,22.123,0
4100,15.697,0
4101,25.693,1
4102,18.145,0
4103,22.474,0
4104,16.584,0
4105,12.1,0
4106,21.462,0
4107,8.014,0
4108,23.613,0
4109,13.044,0
4110,10.343,0
4111,25.41,1
4112,15.932,0
4113,21.506,0
4114,17.746,0
4115,20.515,0
4116,21.73,0
4117,20.867,0
4118,20.55,0
4119,17.2,0
4120,39.709,1
4121,17.044,0
4122,7.345,0
4123,8.945,0
4124,19.819,0
4125,18.455,0
4126,14.106,0
4127,15.665,0
4128,24.946,1
4129,16.281,0
4130,19.791,0
4131,22.981,0
4132,34.987,1
4133,14.075,0
4134,30.434,1
4135,29.612,1
4136,25.571,1
4137,14.22,0
4138,18.2,0
4139,26.021,1
4140,30.202,1
4141,16.58,0
4142,14.467,0
4143,20.503,0
4144,16.705,0
4145,15.373,0
4146,19.017,0
4147,25.908,1
4148,20.285,0
4149,18.394,0
4150,14.703,0
4151,25.06,1
4152,26.234,1
4153,30.89,1
4154,21.955,0
4155,13.805,0
4156,18.375,0
4157,17.106,0
4158,20.548,0
4159,13.773,0
4160,14.059,0
4161,29.296,1
4162,18.063,0
4163,18.586,0
4164,20.832,0
4165,24.484,1
4166,14.69,0
4167,28.212,1
4168,16.315,0
4169,21.575,0
4170,15.759,0
4171,13.212,0
4172,31.794,1
4173,11.194,0
4174,17.61,0
4175,23.764,0
4176,6.637,0
4177,24.939,1
4178,17.501,0
4179,13.141,0
4180,16.431,0
4181,15.253,0
4182,11.798,0
4183,10.331,0
4184,17.733,0
4185,12.505,0
4186,13.429,0
4187,16.195,0
4188,24.109,1
4189,11.436,0
4190,15.999,0
4191,25.428,1
4192,30.614,1
4193,13.555,0
4194,12.672,0
4195,21.358,0
4196,11.02,0
4197,9.217,0
4198,33.027,1
4199,28.674,1
4200,23.527,0
4201,12.801,0
4202,26.659,1
4203,22.068,0
4204,25.813,1
4205,19.586,0
4206,22.167,0
4207,15.25,0
4208,14.092,0
4209,18.38,0
4210,31.85,1
4211,10.301,0
4212,20.608,0
4213,25.201,1
4214,20.393,0
4215,25.819,1
4216,17.014,0
4217,9.361,0
4218,17.249,0
4219,15.966,0
4220,26.15,1
4221,23.052,0
4222,19.488,0
4223,25.649,1
4224,17.013,0
4225,35.081,1
4226,21.495,0
4227,10.935,0
4228,22.972,0
4229,19.421,0
4230,16.285,0
4231,11.255,0
4232,16.809,0
4233,26.986,1
4234,21.326,0
4235,20.481,0
4236,23.066,0
4237,28.186,1
4238,17.777,0
4239,19.469,0
4240,23.417,0
4241,13.524,0
4242,26.106,1
4243,22.097,0
4244,16.378,0
4245,12.78,0
4246,23.69,0
4247,19.094,0
4248,15.507,0
4249,35.03,1
4250,13.011,0
4251,13.229,0
4252,35.153,1
4253,13.419,0
4254,21.085,0
4255,15.717,0
4256,14.224,0
4257,14.516,0
4258,13.811,0
4259,21.271,0
4260,27.053,1
4261,14.337,0
4262,21.74,0
4263,12.827,0
4264,26.359,1
4265,11.843,0
4266,20.244,0
4267,31.284,1
4268,17.96,0
4269,28.116,1
4270,24.24,1
4271,14.257,0
4272,20.876,0
4273,9.62,0
4274,9.986,0
4275,14.576,0
4276,15.738,0
4277,8.744,0
4278,22.018,0
4279,14.418,0
4280,26.712,1
4281,18.203,0
4282,21.99,0
4283,18.263,0
4284,39.842,1
4285,13.083,0
4286,13.458,0
4287,11.571,0
4288,19.933,0
4289,25.057,1
4290,15.699,0
4291,15.435,0
4292,14.785,0
4293,15.088,0
4294,14.125,0
4295,14.804,0
4296,20.054,0
4297,17.153,0
4298,14.231,0
4299,17.011,0
4300,22.053,0
4301,23.772,0
4302,18.828,0
4303,17.73,0
4304,28.295,1
4305,11.07,0
4306,41.036,1
4307,30.387,1
4308,29.931,1
4309,19.465,0
4310,17.84,0
4311,18.903,0
4312,15.007,0
4313,13.604,0
4314,14.059,0
4315,16.088,0
4316,15.831,0
4317,28.279,1
4318,33.066,1
4319,14.915,0
4320,12.495,0
4321,19.658,0
4322,17.818,0
4323,17.19,0
4324,16.408,0
4325,15.496,0
4326,21.214,0
4327,10.137,0
4328,29.391,1
4329,15.788,0
4330,12.917,0
4331,27.166,1
4332,9.843,0
4333,11.425,0
4334,22.996,0
4335,14.985,0
4336,21.178,0
4337,23.315,0
4338,20.804,0
4339,23.119,0
4340,18.642,0
4341,25.752,1
4342,38.477,1
4343,29.061,1
4344,24.687,1
4345,20.586,0
4346,13.94,0
4347,21.813,0
4348,14.198,0
4349,31.375,1
4350,19.655,0
4351,15.357,0
4352,15.134,0
4353,32.923,1
4354,25.776,1
4355,16.876,0
4356,18.501,0
4357,22.332,0
4358,16.439,0
4359,11.471,0
4360,20.665,0
4361,21.198,0
4362,13.85,0
4363,22.505,0
4364,16.533,0
4365,31.972,1
4366,13.297,0
4367,17.389,0
4368,12.955,0
4369,23.634,0
4370,18.74,0
4371,15.567,0
4372,16.618,0
4373,22.382,0
4374,14.751,0
4375,20.451,0
4376,18.761,0
4377,22.526,0
4378,21.013,0
4379,16.725,0
4380,27.107,1
4381,17.463,0
4382,39.58,1
4383,19.632,0
4384,15.144,0
4385,15.211,0
4386,18.236,0
4387,19.671,0
4388,27.678,1
4389,12.254,0
4390,19.184,0
4391,14.094,0
4392,16.902,0
4393,19.68,0
4394,31.665,1
4395,20.862,0
4396,10.368,0
4397,22.279,0
4398,23.231,0
4399,34.716,1
4400,24.036,1
4401,18.46,0
4402,19.915,0
4403,14.763,0
4404,24.225,1
4405,18.325,0
4406,17.419,0
4407,10.202,0
4408,36.538,1
4409,19.601,0
4410,31.159,1
4411,26.705,1
4412,18.085,0
4413,16.329,0
4414,16.234,0
4415,15.161,0
4416,18.93,0
4417,32.818,1
4418,29.09,1
4419,18.754,0
4420,19.874,0
4421,29.871,1
4422,22.306,0
4423,22.812,0
4424,14.22,0
4425,25.175,1
4426,29.193,1
4427,16.34,0
4428,19.218,0
4429,20.738,0
4430,20.019,0
4431,31.617,1
4432,26.339,1
4433,25.77,1
4434,11.434,0
4435,32.026,1
4436,18.022,0
4437,17.512,0
4438,22.785,0
4439,18.775,0
4440,20.514,0
4441,20.061,0
4442,16.88,0
4443,34.731,1
4444,21.123,0
4445,19.148,0
4446,25.09,1
4447,15.768,0
4448,23.858,0
4449,20.287,0
4450,19.565,0
4451,14.05,0
4452,25.624,1
4453,19.067,0
4454,13.11,0
4455,20.893,0
4456,18.651,0
4457,14.756,0
4458,13.755,0
4459,16.836,0
4460,42.838,1
4461,12.792,0
4462,15.025,0
4463,18.635,0
4464,24.724,1
4465,21.466,0
4466,19.245,0
4467,17.453,0
4468,15.983,0
4469,21.482,0
4470,23.834,0
4471,9.148,0
4472,27.653,1
4473,16.794,0
4474,18.017,0
4475,19.727,0
4476,24.24,1
4477,7.735,0
4478,14.154,0
4479,16.77,0
4480,20.287,0
4481,19.318,0
4482,31.124,1
4483,18.686,0
4484,24.338,1
4485,18.057,0
4486,24.418,1
4487,22.135,0
4488,11.771,0
4489,26.084,1
4490,24.156,1
4491,13.916,0
4492,15.012,0
4493,18.927,0
4494,12.662,0
4495,24.278,1
4496,18.544,0
4497,22.391,0
4498,12.697,0
4499,26.473,1
4500,26.628,1
4501,13.398,0
4502,22.314,0
4503,14.342,0
4504,19.847,0
4505,15.268,0
4506,13.837,0
4507,18.137,0
4508,8.578,0
4509,20.279,0
4510,22.828,0
4511,17.507,0
4512,21.401,0
4513,13.912,0
4514,20.131,0
4515,23.686,0
4516,10.737,0
4517,29.594,1
4518,13.894,0
4519,13.721,0
4520,28.3,1
4521,23.656,0
4522,16.378,0
4523,8.367,0
4524,15.555,0
4525,19.76,0
4526,26.534,1
4527,21.036,0
4528,28.206,1
4529,18.157,0
4530,24.308,1
4531,18.065,0
4532,16.67,0
4533,33.522,1
4534,19.27,0
4535,16.142,0
4536,21.049,0
4537,17.961,0
4538,31.143,1
4539,13.427,0
4540,23.146,0
4541,19.824,0
4542,24.797,1
4543,22.442,0
4544,23.58,0
4545,20.308,0
4546,20.196,0
4547,22.571,0
4548,22.456,0
4549,16.362,0
4550,13.554,0
4551,28.88,1
4552,20.634,0
4553,14.732,0
4554,13.015,0
4555,19.541,0
4556,12.591,0
4557,15.918,0
4558,13.041,0
4559,14.077,0
4560,11.083,0
4561,31.732,1
4562,11.022,0
4563,27.745,1
4564,17.37,0
4565,14.348,0
4566,17.754,0
4567,32.186,1
4568,16.804,0
4569,23.646,0
4570,10.466,0
4571,14.627,0
4572,9.839,0
4573,16.663,0
4574,33.514,1
4575,17.846,0
4576,23.924,0
4577,18.236,0
4578,35.064,1
4579,20.943,0
4580,27.732,1
4581,14.347,0
4582,24.27,1
4583,22.555,0
4584,25.399,1
4585,19.668,0
4586,30.57,1
4587,21.205,0
4588,27.247,1
4589,21.431,0
4590,21.185,0
4591,19.89,0
4592,16.031,0
4593,12.502,0
4594,19.092,0
4595,17.576,0
4596,24.937,1
4597,20.411,0
4598,17.192,0
4599,23.142,0
4600,13.146,0
4601,20.863,0
4602,27.604,1
4603,18.058,0
4604,20.261,0
4605,27.994,1
4606,30.314,1
4607,22.558,0
4608,18.044,0
4609,11.362,0
4610,18.326,0
4611,19.956,0
4612,25.566,1
4613,13.1,0
4614,12.231,0
4615,14.856,0
4616,21.306,0
4617,26.891,1
4618,11.674,0
4619,17.721,0
4620,23.107,0
4621,23.095,0
4622,20.024,0
4623,13.519,0
4624,17.723,0
4625,24.217,1
4626,26.632,1
4627,14.924,0
4628,19.199,0
4629,9.599,0
4630,40.371,1
4631,25.375,1
4632,14.499,0
4633,13.362,0
4634,13.388,0
4635,14.464,0
4636,24.352,1
4637,23.548,0
4638,23.543,0
4639,17.119,0
4640,17.517,0
4641,16.491,0
4642,29.072,1
4643,15.291,0
4644,33.416,1
4645,13.891,0
4646,19.655,0
4647,16.382,0
4648,29.577,1
4649,21.696,0
4650,14.206,0
4651,18.384,0
4652,26.21,1
4653,20.206,0
4654,25.782,1
4655,21.942,0
4656,13.203,0
4657,23.859,0
4658,13.669,0
4659,12.64,0
4660,11.255,0
4661,18.062,0
4662,14.476,0
4663,39.283,1
4664,24.37,1
4665,15.941,0
4666,20.031,0
4667,21.21,0
4668,10.815,0
4669,16.021,0
4670,44.143,1
4671,17.14,0
4672,31.262,1
4673,16.311,0
4674,19.247,0
4675,19.231,0
4676,15.902,0
4677,9.714,0
4678,17.447,0
4679,5.889,0
4680,20.477,0
4681,18.664,0
4682,22.718,0
4683,14.551,0
4684,20.731,0
4685,22.814,0
4686,16.226,0
4687,33.037,1
4688,22.673,0
4689,12.401,0
4690,24.609,1
4691,24.735,1
4692,25.283,1
4693,15.415,0
4694,18.503,0
4695,15.757,0
4696,14.813,0
4697,22.583,0
4698,29.97,1
4699,10.568,0
4700,50.351,1
4701,19.466,0
4702,17.685,0
4703,27.879,1
4704,9.796,0
4705,20.655,0
4706,12.785,0
4707,16.726,0
4708,8.727,0
4709,19.051,0
4710,21.824,0
4711,27.674,1
4712,22.107,0
4713,12.388,0
4714,29.171,1
4715,18.323,0
4716,18.67,0
4717,8.595,0
4718,20.83,0
4719,15.516,0
4720,11.328,0
4721,14.917,0
4722,18.081,0
4723,23.065,0
4724,19.596,0
4725,19.665,0
4726,30.201,1
4727,20.192,0
4728,24.15,1
4729,17.343,0
4730,22.396,0
4731,15.946,0
4732,23.21,0
4733,33.749,1
4734,32.05,1
4735,22.728,0
4736,21.484,0
4737,20.627,0
4738,16.971,0
4739,24.038,1
4740,19.548,0
4741,22.903,0
4742,22.583,0
4743,25.85,1
4744,25.924,1
4745,13.02,0
4746,28.194,1
4747,14.791,0
4748,35.701,1
4749,11.402,0
4750,31.822,1
4751,10.237,0
4752,18.075,0
4753,12.392,0
4754,15.33,0
4755,24.599,1
4756,22.696,0
4757,18.858,0
4758,11.217,0
4759,12.143,0
4760,18.341,0
4761,12.252,0
4762,16.979,0
4763,33.909,1
4764,25.757,1
4765,27.868,1
4766,28.527,1
4767,18.757,0
4768,17.512,0
4769,18.976,0
4770,12.414,0
4771,33.0,1
4772,27.98,1
4773,21.899,0
4774,20.775,0
4775,22.665,0
4776,17.826,0
4777,23.978,0
4778,11.922,0
4779,29.55,1
4780,19.452,0
4781,26.871,1
4782,15.94,0
4783,16.664,0
4784,11.444,0
4785,18.986,0
4786,16.602,0
4787,9.89,0
4788,23.261,0
4789,18.879,0
4790,16.37,0
4791,13.586,0
4792,35.406,1
4793,14.977,0
4794,19.458,0
4795,11.248,0
4796,24.134,1
4797,24.046,1
4798,18.813,0
4799,13.453,0
4800,16.914,0
4801,21.396,0
4802,15.058,0
4803,14.208,0
4804,10.179,0
4805,24.811,1
4806,11.3,0
4807,21.417,0
4808,24.176,1
4809,17.846,0
4810,32.213,1
4811,33.191,1
4812,29.295,1
4813,12.671,0
4814,22.418,0
4815,21.652,0
4816,19.483,0
4817,13.793,0
4818,13.816,0
4819,12.646,0
4820,14.764,0
4821,14.959,0
4822,23.323,0
4823,19.587,0
4824,20.614,0
4825,21.549,0
4826,18.351,0
4827,14.155,0
4828,11.845,0
4829,21.01,0
4830,24.179,1
4831,11.564,0
4832,25.317,1
4833,21.627,0
4834,14.468,0
4835,17.881,0
4836,24.292,1
4837,15.392,0
4838,15.909,0
4839,18.049,0
4840,17.515,0
4841,29.568,1
4842,16.377,0
4843,13.679,0
4844,20.165,0
4845,16.283,0
4846,20.405,0
4847,19.734,0
4848,23.586,0
4849,17.105,0
4850,30.692,1
4851,16.968,0
4852,28.122,1
4853,16.719,0
4854,23.563,0
4855,21.94,0
4856,20.337,0
4857,16.023,0
4858,19.975,0
4859,34.482,1
4860,22.236,0
4861,15.063,0
4862,19.591,0
4863,9.982,0
4864,15.521,0
4865,20.923,0
4866,22.623,0
4867,26.978,1
4868,21.369,0
4869,19.88,0
4870,15.171,0
4871,16.91,0
4872,21.485,0
4873,18.568,0
4874,22.473,0
4875,20.479,0
4876,16.24,0
4877,20.801,0
4878,20.824,0
4879,15.026,0
4880,22.57,0
4881,14.755,0
4882,20.441,0
4883,34.038,1
4884,14.254,0
4885,19.202,0
4886,15.0,0
4887,25.278,1
4888,17.278,0
4889,16.215,0
4890,20.441,0
4891,11.739,0
4892,33.141,1
4893,12.771,0
4894,13.685,0
4895,16.158,0
4896,25.489,1
4897,29.091,1
4898,18.677,0
4899,20.864,0
4900,19.053,0
4901,23.332,0
4902,24.017,1
4903,24.554,1
4904,21.918,0
4905,18.933,0
4906,20.213,0
4907,25.566,1
4908,20.136,0
4909,16.441,0
4910,22.858,0
4911,11.998,0
4912,18.005,0
4913,19.879,0
4914,13.349,0
4915,18.065,0
4916,24.081,1
4917,20.429,0
4918,33.859,1
4919,15.902,0
4920,20.404,0
4921,22.496,0
4922,11.236,0
4923,19.805,0
4924,22.386,0
4925,12.73,0
4926,31.683,1
4927,32.554,1
4928,12.948,0
4929,17.368,0
4930,15.546,0
4931,18.98,0
4932,22.722,0
4933,18.623,0
4934,10.54,0
4935,21.168,0
4936,19.661,0
4937,19.892,0
4938,11.115,0
4939,14.779,0
4940,21.487,0
4941,20.696,0
4942,16.586,0
4943,18.974,0
4944,13.856,0
4945,13.68,0
4946,18.797,0
4947,17.982,0
4948,15.959,0
4949,20.577,0
4950,21.228,0
4951,12.764,0
4952,21.17,0
4953,25.895,1
4954,24.752,1
4955,24.144,1
4956,14.796,0
4957,19.645,0
4958,23.555,0
4959,19.909,0
4960,14.063,0
4961,22.564,0
4962,17.542,0
4963,17.796,0
4964,20.108,0
4965,14.523,0
4966,18.254,0
4967,19.491,0
4968,21.552,0
4969,18.285,0
4970,17.129,0
4971,20.889,0
4972,12.302,0
4973,21.392,0
4974,22.231,0
4975,17.896,0
4976,17.05,0
4977,19.759,0
4978,25.166,1
4979,17.893,0
4980,15.528,0
4981,20.791,0
4982,19.037,0
4983,17.671,0
4984,20.013,0
4985,12.08,0
4986,26.388,1
4987,23.904,0
4988,14.525,0
4989,17.683,0
4990,10.23,0
4991,18.719,0
4992,15.027,0
4993,15.054,0
4994,18.141,0
4995,35.14,1
4996,17.426,0
4997,15.798,0
4998,21.685,0
4999,16.071,0
5000,14.915,0
