pedido_id,zona,ruta,urgente,inspeccionado,defecto,atrasado,danado
1,Norte,Rapida,0,1,0,0,0
2,Centro,Rapida,0,1,0,0,0
3,Centro,Rapida,0,0,0,0,0
4,Centro,Rapida,0,0,0,0,0
5,Centro,Rapida,1,1,0,0,0
6,Sur,Normal,0,0,0,0,0
7,Sur,Rapida,0,1,0,0,0
8,Norte,Normal,0,0,0,0,0
9,Centro,Rapida,0,1,1,0,0
10,Norte,Normal,0,0,0,0,0
11,Sur,Rapida,0,0,0,0,0
12,Sur,Normal,0,0,0,0,0
13,Centro,Normal,0,0,0,1,0
14,Sur,Normal,1,1,0,1,0
15,Centro,Rapida,1,1,0,0,0
16,Sur,Rapida,1,1,0,1,0
17,Centro,Normal,0,1,0,0,0
18,Centro,Normal,0,1,0,0,0
19,Norte,Rapida,1,0,0,0,0
20,Norte,Normal,0,1,0,0,0
21,Centro,Rapida,1,1,0,0,0
22,Centro,Normal,0,0,0,0,0
23,Centro,Normal,1,0,1,0,0
24,Norte,Normal,0,1,0,1,0
25,Centro,Rapida,1,0,0,0,0
26,Centro,Rapida,0,0,0,1,0
27,Norte,Rapida,0,0,0,1,0
28,Centro,Rapida,0,1,0,0,0
29,Centro,Normal,0,0,0,0,1
30,Norte,Normal,0,1,0,0,0
31,Norte,Normal,0,0,0,0,0
32,Sur,Rapida,0,0,0,0,0
33,Sur,Rapida,0,1,0,0,1
34,Centro,Normal,1,0,0,0,0
35,Centro,Rapida,1,1,0,1,0
36,Sur,Rapida,1,1,0,0,0
37,Centro,Normal,0,0,0,0,0
38,Centro,Rapida,1,1,0,0,0
39,Sur,Normal,0,1,0,1,0
40,Centro,Normal,0,0,0,0,0
41,Centro,Normal,0,0,0,0,0
42,Centro,Normal,0,0,0,1,0
43,Norte,Normal,1,0,0,1,0
44,Centro,Normal,1,1,1,1,0
45,Norte,Rapida,0,0,1,0,0
46,Centro,Rapida,0,0,0,0,0
47,Centro,Normal,0,1,0,0,0
48,Norte,Rapida,0,1,0,0,0
49,Centro,Normal,0,1,0,0,0
50,Centro,Normal,1,0,0,0,0
51,Centro,Normal,0,0,0,1,0
52,Centro,Rapida,0,1,0,0,0
53,Centro,Rapida,0,0,0,0,0
54,Centro,Normal,0,0,0,0,0
55,Centro,Rapida,0,1,0,0,0
56,Centro,Rapida,0,0,0,0,0
57,Centro,Normal,0,0,0,0,1
58,Centro,Normal,0,1,0,1,0
59,Norte,Rapida,0,0,0,0,0
60,Sur,Rapida,0,0,0,0,0
61,Centro,Normal,0,0,0,0,0
62,Centro,Normal,0,0,0,1,1
63,Centro,Normal,1,1,0,0,0
64,Norte,Normal,0,1,1,0,0
65,Sur,Rapida,0,1,0,0,0
66,Sur,Rapida,1,1,0,0,0
67,Norte,Normal,0,0,0,0,0
68,Centro,Normal,1,1,0,0,0
69,Centro,Rapida,1,0,0,0,0
70,Centro,Rapida,0,1,0,0,0
71,Centro,Normal,0,0,1,1,0
72,Centro,Normal,0,1,0,1,0
73,Sur,Rapida,0,1,0,1,0
74,Sur,Normal,1,1,0,1,0
75,Sur,Rapida,0,0,0,0,0
76,Centro,Normal,0,0,0,0,0
77,Norte,Normal,1,1,0,0,0
78,Sur,Normal,0,1,0,0,0
79,Norte,Rapida,1,1,0,0,0
80,Norte,Normal,0,0,0,0,0
81,Norte,Rapida,0,0,0,0,0
82,Centro,Rapida,0,0,0,0,0
83,Centro,Rapida,0,0,0,0,0
84,Norte,Normal,0,1,0,1,0
85,Norte,Rapida,1,0,0,0,0
86,Centro,Normal,1,1,0,0,0
87,Centro,Rapida,0,0,0,0,0
88,Centro,Normal,0,1,0,0,0
89,Centro,Normal,0,0,0,1,1
90,Sur,Rapida,0,1,0,0,0
91,Sur,Normal,0,1,0,0,0
92,Norte,Normal,0,1,0,0,0
93,Sur,Normal,0,1,0,0,0
94,Sur,Normal,0,1,0,0,0
95,Centro,Normal,0,0,0,1,0
96,Centro,Normal,0,0,0,0,0
97,Centro,Normal,0,1,0,0,0
98,Sur,Rapida,0,0,0,0,0
99,Norte,Rapida,0,0,1,0,0
100,Centro,Rapida,0,0,0,0,0
101,Sur,Normal,0,0,0,0,0
102,Norte,Rapida,0,0,0,0,0
103,Centro,Normal,0,0,0,1,0
104,Centro,Rapida,0,0,1,0,0
105,Sur,Rapida,1,0,0,0,0
106,Norte,Rapida,0,0,0,0,0
107,Centro,Rapida,1,1,0,0,0
108,Sur,Rapida,0,1,0,0,0
109,Centro,Normal,0,0,0,0,0
110,Centro,Normal,0,1,0,0,0
111,Centro,Normal,1,0,0,0,0
112,Centro,Normal,1,0,0,0,0
113,Centro,Normal,0,0,0,0,0
114,Norte,Rapida,0,1,0,1,0
115,Norte,Normal,0,0,0,0,0
116,Norte,Normal,1,0,0,1,0
117,Norte,Normal,1,1,0,1,0
118,Centro,Normal,0,0,0,0,0
119,Norte,Normal,0,0,0,0,0
120,Centro,Rapida,0,0,0,0,0
121,Centro,Normal,0,1,0,0,0
122,Sur,Normal,0,0,0,0,0
123,Centro,Normal,0,1,0,0,0
124,Centro,Normal,0,0,0,0,0
125,Centro,Rapida,0,0,1,0,0
126,Norte,Normal,0,0,0,0,0
127,Centro,Normal,1,1,0,1,0
128,Sur,Normal,0,0,1,0,0
129,Centro,Rapida,0,0,0,1,0
130,Centro,Normal,0,1,0,1,0
131,Sur,Normal,0,0,0,0,0
132,Centro,Normal,0,0,0,0,0
133,Centro,Rapida,1,0,0,0,0
134,Sur,Normal,0,0,0,0,0
135,Norte,Normal,1,1,0,0,0
136,Centro,Rapida,0,0,0,0,0
137,Centro,Normal,0,0,0,0,0
138,Sur,Rapida,0,0,0,0,0
139,Centro,Normal,0,1,0,0,0
140,Centro,Normal,0,1,0,1,0
141,Centro,Normal,0,1,0,0,0
142,Centro,Normal,0,1,0,1,0
143,Norte,Normal,0,1,0,0,0
144,Centro,Rapida,1,1,0,0,0
145,Sur,Normal,1,0,1,0,0
146,Norte,Normal,1,0,0,0,0
147,Norte,Rapida,0,1,0,0,1
148,Centro,Rapida,1,1,0,0,0
149,Norte,Normal,0,1,0,0,0
150,Norte,Normal,1,1,1,1,0
151,Sur,Normal,0,1,1,0,0
152,Centro,Rapida,1,1,0,1,0
153,Centro,Normal,0,1,0,1,0
154,Norte,Normal,0,1,0,0,0
155,Centro,Normal,0,1,0,0,0
156,Norte,Normal,1,0,0,1,0
157,Sur,Normal,0,1,0,0,1
158,Centro,Rapida,0,1,0,0,0
159,Norte,Normal,1,0,0,0,0
160,Sur,Normal,1,0,0,0,0
161,Centro,Normal,0,0,0,0,0
162,Centro,Rapida,0,0,0,0,0
163,Norte,Rapida,1,1,0,0,0
164,Sur,Normal,1,0,0,1,0
165,Centro,Normal,0,0,0,0,0
166,Norte,Normal,0,0,0,0,0
167,Sur,Normal,0,1,1,1,0
168,Norte,Normal,1,1,1,1,0
169,Norte,Normal,0,0,0,0,0
170,Centro,Normal,0,1,0,1,0
171,Norte,Normal,0,0,0,1,0
172,Centro,Normal,0,0,0,0,0
173,Centro,Normal,0,1,0,1,0
174,Sur,Normal,1,0,0,0,1
175,Sur,Rapida,0,1,0,0,0
176,Norte,Rapida,0,0,0,0,0
177,Sur,Normal,0,0,0,0,0
178,Norte,Rapida,0,0,0,0,0
179,Sur,Rapida,0,1,0,0,0
180,Norte,Normal,0,1,0,0,0
181,Centro,Normal,0,1,0,0,0
182,Centro,Rapida,0,0,0,0,1
183,Sur,Rapida,0,0,0,0,0
184,Sur,Normal,1,1,0,1,0
185,Norte,Normal,1,1,1,1,0
186,Centro,Normal,0,0,0,0,0
187,Centro,Rapida,1,1,0,0,0
188,Norte,Normal,0,0,0,0,0
189,Centro,Rapida,0,0,0,0,0
190,Centro,Rapida,0,0,0,0,0
191,Norte,Normal,0,1,0,0,1
192,Centro,Normal,0,0,0,0,0
193,Centro,Normal,0,1,0,0,0
194,Centro,Rapida,0,1,0,0,0
195,Centro,Rapida,1,0,0,0,0
196,Centro,Rapida,0,0,0,0,0
197,Sur,Normal,0,1,0,1,0
198,Norte,Rapida,1,0,0,0,0
199,Norte,Normal,1,0,0,0,0
200,Centro,Rapida,0,0,0,0,0
201,Sur,Normal,0,0,0,1,0
202,Centro,Normal,1,0,0,0,0
203,Norte,Normal,0,0,0,0,0
204,Centro,Normal,0,1,0,1,0
205,Sur,Normal,0,1,0,0,0
206,Sur,Normal,1,1,0,0,0
207,Norte,Normal,0,1,0,0,0
208,Norte,Rapida,1,1,0,0,0
209,Sur,Normal,0,1,0,0,0
210,Sur,Normal,1,1,0,0,0
211,Norte,Normal,0,1,0,0,0
212,Centro,Rapida,0,0,0,0,0
213,Norte,Normal,0,1,0,0,0
214,Centro,Normal,0,1,0,1,1
215,Norte,Normal,0,0,0,1,1
216,Norte,Normal,0,1,0,1,0
217,Norte,Normal,0,1,0,0,0
218,Sur,Normal,1,1,0,0,0
219,Centro,Rapida,0,0,0,0,0
220,Norte,Rapida,0,1,0,0,0
221,Centro,Normal,0,1,0,1,0
222,Centro,Normal,0,1,0,1,0
223,Centro,Normal,1,0,0,0,0
224,Centro,Normal,0,0,0,0,0
225,Centro,Normal,1,0,1,1,0
226,Centro,Normal,1,0,0,0,0
227,Centro,Rapida,0,0,0,0,0
228,Sur,Normal,1,0,0,0,0
229,Centro,Normal,0,0,0,0,0
230,Sur,Rapida,0,0,1,0,0
231,Norte,Rapida,1,1,0,0,0
232,Norte,Normal,0,0,0,1,0
233,Sur,Normal,1,0,0,1,0
234,Centro,Normal,0,1,0,0,0
235,Centro,Normal,0,1,0,1,0
236,Centro,Normal,0,1,0,1,0
237,Norte,Normal,1,1,0,1,0
238,Centro,Normal,1,1,0,1,0
239,Centro,Rapida,0,1,0,1,0
240,Centro,Rapida,0,1,0,0,0
241,Sur,Normal,0,1,0,0,0
242,Sur,Normal,0,1,0,0,0
243,Sur,Rapida,0,1,0,0,0
244,Centro,Rapida,0,0,1,0,1
245,Norte,Rapida,0,0,0,0,0
246,Norte,Normal,0,0,0,0,0
247,Centro,Normal,0,0,0,0,0
248,Norte,Rapida,1,0,1,0,0
249,Norte,Normal,0,0,0,1,0
250,Norte,Rapida,0,0,0,0,0
251,Sur,Normal,1,1,0,0,0
252,Norte,Normal,0,0,0,0,0
253,Norte,Normal,0,1,0,0,0
254,Sur,Normal,0,1,0,0,0
255,Centro,Normal,0,1,1,1,0
256,Centro,Rapida,0,0,0,0,0
257,Centro,Normal,0,1,0,1,0
258,Sur,Normal,0,0,0,0,0
259,Sur,Normal,1,1,0,1,0
260,Centro,Normal,0,1,0,1,0
261,Sur,Normal,0,0,0,1,0
262,Centro,Normal,0,1,0,1,0
263,Centro,Normal,0,0,0,0,0
264,Sur,Rapida,0,1,1,0,0
265,Centro,Normal,0,0,0,0,0
266,Norte,Rapida,0,1,0,0,0
267,Centro,Rapida,0,1,0,0,0
268,Norte,Normal,1,1,0,1,0
269,Sur,Normal,1,0,0,0,0
270,Centro,Rapida,0,1,0,0,0
271,Norte,Normal,1,0,0,0,0
272,Sur,Normal,0,1,0,0,0
273,Sur,Normal,1,1,1,1,0
274,Centro,Normal,0,1,0,1,0
275,Centro,Rapida,0,0,0,0,0
276,Centro,Rapida,1,1,1,0,0
277,Norte,Rapida,0,0,0,0,0
278,Norte,Rapida,1,0,0,0,1
279,Centro,Rapida,1,0,0,0,0
280,Centro,Rapida,1,1,0,0,0
281,Sur,Rapida,0,1,0,1,0
282,Norte,Normal,0,1,1,0,0
283,Norte,Normal,0,0,0,0,1
284,Centro,Normal,1,1,0,0,0
285,Sur,Normal,1,1,0,0,0
286,Sur,Normal,0,1,0,0,0
287,Centro,Normal,0,1,0,0,0
288,Sur,Normal,0,0,0,0,0
289,Centro,Normal,1,0,1,0,0
290,Sur,Normal,0,1,0,0,0
291,Centro,Rapida,0,0,0,0,1
292,Centro,Normal,0,1,0,0,0
293,Sur,Normal,0,0,0,0,1
294,Centro,Normal,0,0,0,1,0
295,Centro,Normal,1,1,0,1,0
296,Centro,Normal,0,1,0,0,0
297,Norte,Normal,0,1,0,0,0
298,Norte,Normal,1,1,0,0,0
299,Centro,Normal,0,1,0,0,0
300,Centro,Normal,1,0,0,1,0
301,Centro,Rapida,0,1,0,0,0
302,Centro,Rapida,0,0,0,0,0
303,Norte,Normal,0,1,0,0,1
304,Centro,Normal,0,0,0,0,0
305,Norte,Rapida,0,0,0,0,0
306,Centro,Rapida,0,1,0,0,0
307,Centro,Rapida,0,0,0,0,0
308,Centro,Normal,1,1,0,1,0
309,Centro,Normal,0,0,0,0,0
310,Norte,Rapida,1,1,1,0,0
311,Norte,Rapida,0,1,0,0,0
312,Sur,Normal,0,0,1,0,0
313,Centro,Rapida,0,0,0,0,0
314,Sur,Normal,0,1,0,0,0
315,Sur,Rapida,0,1,0,0,0
316,Norte,Normal,0,1,0,0,0
317,Centro,Normal,1,1,0,0,0
318,Centro,Normal,0,1,1,0,1
319,Norte,Normal,0,1,0,1,1
320,Norte,Rapida,0,1,0,0,0
321,Sur,Normal,0,1,0,0,0
322,Sur,Normal,1,1,0,1,0
323,Centro,Normal,0,0,0,1,0
324,Centro,Normal,1,0,0,1,0
325,Centro,Normal,1,0,0,0,0
326,Centro,Normal,1,0,0,0,0
327,Centro,Normal,0,1,0,1,0
328,Centro,Normal,0,0,0,0,0
329,Sur,Normal,0,0,0,1,0
330,Sur,Normal,0,0,0,1,0
331,Centro,Normal,0,1,1,0,0
332,Sur,Normal,0,0,0,0,0
333,Centro,Normal,0,0,0,0,0
334,Centro,Rapida,0,1,0,0,1
335,Centro,Rapida,0,0,0,0,0
336,Centro,Normal,1,1,0,0,0
337,Sur,Rapida,0,1,0,0,0
338,Centro,Normal,0,1,0,1,0
339,Sur,Normal,0,0,0,0,0
340,Sur,Rapida,0,1,0,0,0
341,Sur,Normal,1,1,0,1,0
342,Sur,Rapida,0,1,0,0,0
343,Norte,Normal,0,1,0,1,0
344,Centro,Rapida,1,0,0,0,0
345,Centro,Normal,0,1,0,0,0
346,Centro,Normal,0,0,0,0,0
347,Centro,Normal,0,0,0,0,0
348,Norte,Rapida,0,0,0,1,0
349,Norte,Normal,0,1,0,0,0
350,Sur,Normal,0,1,0,1,1
351,Norte,Normal,0,1,0,0,0
352,Centro,Rapida,0,1,0,1,0
353,Norte,Normal,0,1,0,0,0
354,Centro,Rapida,0,0,0,0,1
355,Norte,Rapida,0,1,0,0,0
356,Centro,Rapida,1,1,0,0,0
357,Norte,Normal,1,1,0,0,0
358,Centro,Normal,0,1,0,0,0
359,Norte,Normal,1,0,0,0,0
360,Centro,Normal,0,1,0,0,0
361,Centro,Normal,0,1,0,1,0
362,Norte,Normal,1,0,0,0,0
363,Sur,Normal,1,1,1,0,0
364,Sur,Normal,1,0,0,0,1
365,Sur,Normal,1,1,1,1,0
366,Centro,Normal,0,0,0,0,0
367,Sur,Rapida,0,1,0,0,0
368,Norte,Normal,0,1,0,1,1
369,Sur,Rapida,1,0,1,0,0
370,Norte,Normal,0,1,0,0,0
371,Centro,Normal,0,0,0,0,0
372,Norte,Normal,0,0,0,0,0
373,Sur,Normal,0,1,1,1,0
374,Centro,Normal,0,1,0,0,0
375,Sur,Rapida,0,0,0,0,0
376,Norte,Normal,1,1,0,1,0
377,Sur,Normal,0,0,0,0,0
378,Centro,Normal,0,1,0,0,0
379,Norte,Normal,1,1,0,0,0
380,Centro,Normal,0,1,0,0,1
381,Norte,Normal,1,0,0,0,0
382,Centro,Normal,0,0,0,0,0
383,Centro,Normal,0,0,0,0,0
384,Norte,Normal,0,0,0,0,0
385,Centro,Rapida,0,0,0,0,0
386,Centro,Normal,0,1,0,0,0
387,Norte,Normal,0,0,0,1,0
388,Sur,Normal,0,1,0,0,0
389,Centro,Rapida,0,1,0,0,0
390,Norte,Normal,1,0,1,1,0
391,Sur,Rapida,0,0,0,0,0
392,Centro,Normal,0,1,0,0,0
393,Centro,Normal,0,1,0,0,0
394,Centro,Rapida,1,0,0,0,0
395,Centro,Normal,1,0,0,0,1
396,Centro,Normal,0,0,0,1,0
397,Norte,Rapida,0,0,0,0,0
398,Sur,Normal,0,1,0,0,0
399,Centro,Rapida,1,1,0,0,0
400,Centro,Rapida,1,1,0,0,0
